end_date,Free Cash Flow,Repurchase Of Capital Stock,Repayment Of Debt,Issuance Of Debt,Issuance Of Capital Stock,Capital Expenditure,Interest Paid Supplemental Data,Income Tax Paid Supplemental Data,End Cash Position,Beginning Cash Position,Changes In Cash,Financing Cash Flow,Cash Flow From Continuing Financing Activities,Net Other Financing Charges,Cash Dividends Paid,Common Stock Dividend Paid,Net Common Stock Issuance,Common Stock Payments,Common Stock Issuance,Net Issuance Payments Of Debt,Net Short Term Debt Issuance,Net Long Term Debt Issuance,Long Term Debt Payments,Long Term Debt Issuance,Investing Cash Flow,Cash Flow From Continuing Investing Activities,Net Other Investing Changes,Net Investment Purchase And Sale,Sale Of Investment,Purchase Of Investment,Net Business Purchase And Sale,Purchase Of Business,Net PPE Purchase And Sale,Purchase Of PPE,Operating Cash Flow,Cash Flow From Continuing Operating Activities,Change In Working Capital,Change In Other Working Capital,Change In Other Current Liabilities,Change In Other Current Assets,Change In Payables And Accrued Expense,Change In Payable,Change In Account Payable,Change In Inventory,Change In Receivables,Changes In Account Receivables,Other Non Cash Items,Stock Based Compensation,Deferred Tax,Deferred Income Tax,Depreciation Amortization Depletion,Depreciation And Amortization,Net Income From Continuing Operations,ticker,Effect Of Exchange Rate Changes,Short Term Debt Issuance,Change In Tax Payable,Change In Income Tax Payable,Unrealized Gain Loss On Investment Securities,Asset Impairment Charge,Depreciation,Operating Gains Losses,Gain Loss On Investment Securities,Proceeds From Stock Option Exercised,Change In Accrued Expense,Change In Prepaid Assets,Amortization Cash Flow,Amortization Of Intangibles,Capital Expenditure Reported,Provisionand Write Offof Assets,Sale Of Business,Sale Of PPE,Gain Loss On Sale Of Business,Net Intangibles Purchase And Sale,Purchase Of Intangibles,Pension And Employee Benefit Expense,Cash From Discontinued Investing Activities,Cash From Discontinued Operating Activities,Earnings Losses From Equity Investments,Gain Loss On Sale Of PPE,Short Term Debt Payments,Cash From Discontinued Financing Activities,Net Preferred Stock Issuance,Preferred Stock Issuance,Preferred Stock Dividend Paid,Net Foreign Currency Exchange Gain Loss,Sale Of Intangibles,Other Cash Adjustment Outside Changein Cash,Amortization Of Securities,Change In Interest Payable,cap_group
2024-09-30,108807000000.0,-94949000000.0,-9958000000.0,0.0,,-9447000000.0,,26102000000.0,29943000000.0,30737000000.0,-794000000.0,-121983000000.0,-121983000000.0,-5802000000.0,-15234000000.0,-15234000000.0,-94949000000.0,-94949000000.0,,-5998000000.0,3960000000.0,-9958000000.0,-9958000000.0,0.0,2935000000.0,2935000000.0,-1308000000.0,13690000000.0,62346000000.0,-48656000000.0,,,-9447000000.0,-9447000000.0,118254000000.0,118254000000.0,3651000000.0,,15552000000.0,-11731000000.0,6020000000.0,6020000000.0,6020000000.0,-1046000000.0,-5144000000.0,-3788000000.0,-2266000000.0,11688000000.0,,,11445000000.0,11445000000.0,93736000000.0,AAPL,,,,,,,,,,,,,,,,,,,,,,,,,,,,,,,,,,,,,large_cap
2023-09-30,99584000000.0,-77550000000.0,-11151000000.0,5228000000.0,,-10959000000.0,3803000000.0,18679000000.0,30737000000.0,24977000000.0,5760000000.0,-108488000000.0,-108488000000.0,-6012000000.0,-15025000000.0,-15025000000.0,-77550000000.0,-77550000000.0,,-9901000000.0,-3978000000.0,-5923000000.0,-11151000000.0,5228000000.0,3705000000.0,3705000000.0,-1337000000.0,16001000000.0,45514000000.0,-29513000000.0,,,-10959000000.0,-10959000000.0,110543000000.0,110543000000.0,-6577000000.0,,3031000000.0,-5684000000.0,-1889000000.0,-1889000000.0,-1889000000.0,-1618000000.0,-417000000.0,-1688000000.0,-2227000000.0,10833000000.0,,,11519000000.0,11519000000.0,96995000000.0,AAPL,,,,,,,,,,,,,,,,,,,,,,,,,,,,,,,,,,,,,large_cap
2022-09-30,111443000000.0,-89402000000.0,-9543000000.0,5465000000.0,,-10708000000.0,2865000000.0,19573000000.0,24977000000.0,35929000000.0,-10952000000.0,-110749000000.0,-110749000000.0,-6383000000.0,-14841000000.0,-14841000000.0,-89402000000.0,-89402000000.0,,-123000000.0,3955000000.0,-4078000000.0,-9543000000.0,5465000000.0,-22354000000.0,-22354000000.0,-2086000000.0,-9560000000.0,67363000000.0,-76923000000.0,-306000000.0,-306000000.0,-10708000000.0,-10708000000.0,122151000000.0,122151000000.0,1200000000.0,478000000.0,6110000000.0,-6499000000.0,9448000000.0,9448000000.0,9448000000.0,1484000000.0,-9343000000.0,-1823000000.0,1006000000.0,9038000000.0,895000000.0,895000000.0,11104000000.0,11104000000.0,99803000000.0,AAPL,,,,,,,,,,,,,,,,,,,,,,,,,,,,,,,,,,,,,large_cap
2021-09-30,,,,,1105000000.0,,2687000000.0,,,,,,,,,,,,1105000000.0,,,,,,,,,,,,-33000000.0,-33000000.0,,,,,,1676000000.0,,,,,,,,,,,-4774000000.0,-4774000000.0,,,,AAPL,,,,,,,,,,,,,,,,,,,,,,,,,,,,,,,,,,,,,large_cap
2024-06-30,74071000000.0,-17254000000.0,-29070000000.0,24395000000.0,2002000000.0,-44477000000.0,,,18315000000.0,34704000000.0,-16179000000.0,-37757000000.0,-37757000000.0,-1309000000.0,-21771000000.0,-21771000000.0,-15252000000.0,-17254000000.0,2002000000.0,575000000.0,5250000000.0,-4675000000.0,-29070000000.0,24395000000.0,-96970000000.0,-96970000000.0,-1298000000.0,17937000000.0,35669000000.0,-17732000000.0,-69132000000.0,-69132000000.0,-44477000000.0,-44477000000.0,118548000000.0,118548000000.0,1824000000.0,7035000000.0,5616000000.0,-8465000000.0,3545000000.0,3545000000.0,3545000000.0,1284000000.0,-7191000000.0,-7191000000.0,,10734000000.0,-4738000000.0,-4738000000.0,22287000000.0,22287000000.0,88136000000.0,MSFT,-210000000.0,5250000000.0,1687000000.0,1687000000.0,-146000000.0,206000000.0,22287000000.0,245000000.0,245000000.0,,,,,,,,,,,,,,,,,,,,,,,,,,,,large_cap
2023-06-30,59475000000.0,-22245000000.0,-2750000000.0,0.0,1866000000.0,-28107000000.0,,,34704000000.0,13931000000.0,20967000000.0,-43935000000.0,-43935000000.0,-1006000000.0,-19800000000.0,-19800000000.0,-20379000000.0,-22245000000.0,1866000000.0,-2750000000.0,0.0,-2750000000.0,-2750000000.0,0.0,-22680000000.0,-22680000000.0,-3116000000.0,10213000000.0,47864000000.0,-37651000000.0,-1670000000.0,-1670000000.0,-28107000000.0,-28107000000.0,87582000000.0,87582000000.0,-2388000000.0,5177000000.0,2825000000.0,-4824000000.0,-2721000000.0,-2721000000.0,-2721000000.0,1242000000.0,-4087000000.0,-4087000000.0,,9611000000.0,-6059000000.0,-6059000000.0,13861000000.0,13861000000.0,72361000000.0,MSFT,-194000000.0,0.0,-358000000.0,-358000000.0,-303000000.0,30000000.0,13861000000.0,469000000.0,469000000.0,,,,,,,,,,,,,,,,,,,,,,,,,,,,large_cap
2022-06-30,65149000000.0,-32696000000.0,-9023000000.0,0.0,1841000000.0,-23886000000.0,,,13931000000.0,14224000000.0,-152000000.0,-58876000000.0,-58876000000.0,-863000000.0,-18135000000.0,-18135000000.0,-30855000000.0,-32696000000.0,1841000000.0,-9023000000.0,0.0,-9023000000.0,-9023000000.0,0.0,-30311000000.0,-30311000000.0,-2825000000.0,18438000000.0,44894000000.0,-26456000000.0,-22038000000.0,-22038000000.0,-23886000000.0,-23886000000.0,89035000000.0,89035000000.0,446000000.0,5805000000.0,3169000000.0,-3514000000.0,2943000000.0,2943000000.0,2943000000.0,-1123000000.0,-6834000000.0,-6834000000.0,,7502000000.0,-5702000000.0,-5702000000.0,14460000000.0,14460000000.0,72738000000.0,MSFT,-141000000.0,0.0,696000000.0,696000000.0,-509000000.0,101000000.0,14460000000.0,-1000000.0,-1000000.0,,,,,,,,,,,,,,,,,,,,,,,,,,,,large_cap
2021-06-30,,,,,,,,,,,,,,,,,,,,,,,,,,,,,,,,,,,,,,,,,,,,,,,,,,,,,,MSFT,,,-2309000000.0,-2309000000.0,,,,,,,,,,,,,,,,,,,,,,,,,,,,,,,,,large_cap
2024-01-31,27021000000.0,-9533000000.0,-1250000000.0,0.0,,-1069000000.0,252000000.0,6549000000.0,7280000000.0,3389000000.0,3891000000.0,-13633000000.0,-13633000000.0,-2858000000.0,-395000000.0,-395000000.0,-9533000000.0,-9533000000.0,,-1250000000.0,,-1250000000.0,-1250000000.0,0.0,-10566000000.0,-10566000000.0,-124000000.0,-9290000000.0,9783000000.0,-19073000000.0,-83000000.0,-83000000.0,-1069000000.0,-1069000000.0,28090000000.0,28090000000.0,-3722000000.0,,514000000.0,,3556000000.0,1531000000.0,1531000000.0,-98000000.0,-6172000000.0,-6172000000.0,-278000000.0,3549000000.0,-2489000000.0,-2489000000.0,1508000000.0,1508000000.0,29760000000.0,NVDA,,,,,,,894000000.0,-238000000.0,-238000000.0,403000000.0,2025000000.0,-1522000000.0,614000000.0,614000000.0,,,,,,,,,,,,,,,,,,,,,,,large_cap
2023-01-31,3808000000.0,-10039000000.0,0.0,0.0,,-1833000000.0,254000000.0,1404000000.0,3389000000.0,1990000000.0,1399000000.0,-11617000000.0,-11617000000.0,-1535000000.0,-398000000.0,-398000000.0,-10039000000.0,-10039000000.0,,0.0,,0.0,0.0,0.0,7375000000.0,7375000000.0,,9257000000.0,21239000000.0,-11982000000.0,-49000000.0,-49000000.0,-1833000000.0,-1833000000.0,5641000000.0,5640000000.0,-2207000000.0,,252000000.0,,790000000.0,-551000000.0,-551000000.0,-2554000000.0,822000000.0,822000000.0,1347000000.0,2709000000.0,-2164000000.0,-2164000000.0,1543000000.0,1543000000.0,4368000000.0,NVDA,,,,,,,844000000.0,45000000.0,45000000.0,355000000.0,1341000000.0,-1517000000.0,699000000.0,699000000.0,,,,,,,,,,,,,,,,,,,,,,,large_cap
2022-01-31,,,,4977000000.0,,,246000000.0,,,,,,,,,,,,,,,,,4977000000.0,,,,,,,,,,,,,,,,,,,,,,,,,,,,,,NVDA,,,,,,,611000000.0,,,,,,563000000.0,563000000.0,,,,,,,,,,,,,,,,,,,,,,,large_cap
2024-05-31,11807000000.0,-3242000000.0,-3500000000.0,0.0,742000000.0,-6866000000.0,3655000000.0,3560000000.0,10454000000.0,9765000000.0,759000000.0,-10554000000.0,-10554000000.0,4000000.0,-4391000000.0,-4391000000.0,-2500000000.0,-3242000000.0,742000000.0,-3667000000.0,-167000000.0,-3500000000.0,-3500000000.0,0.0,-7360000000.0,-7360000000.0,,-431000000.0,572000000.0,-1003000000.0,-63000000.0,-63000000.0,,,18673000000.0,18673000000.0,-488000000.0,656000000.0,,,-721000000.0,-721000000.0,-594000000.0,,-965000000.0,-965000000.0,720000000.0,3974000000.0,-2139000000.0,-2139000000.0,6139000000.0,6139000000.0,10467000000.0,ORCL,-70000000.0,,-127000000.0,-127000000.0,,,3129000000.0,,,,,542000000.0,3010000000.0,3010000000.0,-6866000000.0,,,,,,,,,,,,,,,,,,,,,,large_cap
2023-05-31,8470000000.0,-2503000000.0,-21050000000.0,33494000000.0,1192000000.0,-8695000000.0,3250000000.0,3009000000.0,9765000000.0,21383000000.0,-11409000000.0,7910000000.0,7910000000.0,-55000000.0,-3668000000.0,-3668000000.0,-1311000000.0,-2503000000.0,1192000000.0,12944000000.0,500000000.0,12444000000.0,-21050000000.0,33494000000.0,-36484000000.0,-36484000000.0,,-68000000.0,1113000000.0,-1181000000.0,-27721000000.0,-27721000000.0,,,17165000000.0,17165000000.0,513000000.0,781000000.0,,,-434000000.0,-434000000.0,-281000000.0,,-151000000.0,-151000000.0,661000000.0,3547000000.0,-2167000000.0,-2167000000.0,6108000000.0,6108000000.0,8503000000.0,ORCL,-209000000.0,500000000.0,-153000000.0,-153000000.0,,,2526000000.0,,,,,317000000.0,3582000000.0,3582000000.0,-8695000000.0,,,,,,,,,,,,,,,,,,,,,,large_cap
2022-05-31,5028000000.0,-17341000000.0,-8250000000.0,0.0,482000000.0,-4511000000.0,2735000000.0,2567000000.0,21383000000.0,30098000000.0,-8367000000.0,-29126000000.0,-29126000000.0,-560000000.0,-3457000000.0,-3457000000.0,-16859000000.0,-17341000000.0,482000000.0,-8250000000.0,0.0,-8250000000.0,-8250000000.0,0.0,11220000000.0,11220000000.0,,15879000000.0,26151000000.0,-10272000000.0,-148000000.0,-148000000.0,,,9539000000.0,9539000000.0,-1987000000.0,7000000.0,,,-1131000000.0,-1131000000.0,-733000000.0,,-874000000.0,-874000000.0,220000000.0,2613000000.0,-1146000000.0,-1146000000.0,3122000000.0,3122000000.0,6717000000.0,ORCL,-348000000.0,0.0,-398000000.0,-398000000.0,,,1972000000.0,,,,,11000000.0,1150000000.0,1150000000.0,-4511000000.0,,,,,,,,,,,,,,,,,,,,,,large_cap
2021-05-31,,,,,,,,,,,,,,,,,,,,,,,,,,,,,,,,,,,,,,,,,,,,,,,,,,,,,,ORCL,,0.0,,,,,,,,,,,,,,192000000.0,,,,,,,,,,,,,,,,,,,,,large_cap
2024-07-31,10210000000.0,-6779000000.0,-12966000000.0,31818000000.0,714000000.0,-670000000.0,583000000.0,7426000000.0,8842000000.0,11627000000.0,-2754000000.0,6844000000.0,6844000000.0,-37000000.0,-6384000000.0,-6384000000.0,-6065000000.0,-6779000000.0,714000000.0,19330000000.0,478000000.0,18852000000.0,-12966000000.0,31818000000.0,-20478000000.0,-20478000000.0,-5000000.0,6191000000.0,10705000000.0,-4514000000.0,-25994000000.0,-25994000000.0,-670000000.0,-670000000.0,10880000000.0,10880000000.0,-4298000000.0,-3319000000.0,416000000.0,-671000000.0,-786000000.0,-90000000.0,-90000000.0,275000000.0,-213000000.0,-289000000.0,,3074000000.0,-972000000.0,-972000000.0,2507000000.0,2507000000.0,10320000000.0,CSCO,-31000000.0,,,,,,2507000000.0,215000000.0,,,-696000000.0,,,,,34000000.0,,,215000000.0,,,,,,,,,,,,,,,,,,large_cap
2023-07-31,19037000000.0,-4890000000.0,-500000000.0,0.0,700000000.0,-849000000.0,376000000.0,3571000000.0,11627000000.0,8579000000.0,3153000000.0,-11626000000.0,-11626000000.0,-32000000.0,-6302000000.0,-6302000000.0,-4190000000.0,-4890000000.0,700000000.0,-1102000000.0,-602000000.0,-500000000.0,-500000000.0,0.0,-5107000000.0,-5107000000.0,-23000000.0,-3934000000.0,7122000000.0,-11056000000.0,-301000000.0,-301000000.0,-849000000.0,-849000000.0,19886000000.0,19886000000.0,5042000000.0,3544000000.0,48000000.0,5000000.0,678000000.0,27000000.0,27000000.0,-1069000000.0,1836000000.0,734000000.0,,2353000000.0,-2085000000.0,-2085000000.0,1726000000.0,1726000000.0,12613000000.0,CSCO,-105000000.0,,,,,,1726000000.0,206000000.0,,,651000000.0,,,,,31000000.0,,3000000.0,206000000.0,,,,,,,,,,,,,,,,,,large_cap
2022-07-31,12749000000.0,-8381000000.0,-3550000000.0,1049000000.0,660000000.0,-477000000.0,355000000.0,3663000000.0,8579000000.0,9942000000.0,-1183000000.0,-15962000000.0,-15962000000.0,-122000000.0,-6224000000.0,-6224000000.0,-7721000000.0,-8381000000.0,660000000.0,-1895000000.0,606000000.0,-2501000000.0,-3550000000.0,1049000000.0,1553000000.0,1553000000.0,76000000.0,2327000000.0,8583000000.0,-6256000000.0,-373000000.0,-373000000.0,-477000000.0,-477000000.0,13226000000.0,13226000000.0,-1722000000.0,638000000.0,535000000.0,-1615000000.0,-482000000.0,-55000000.0,-55000000.0,-1030000000.0,232000000.0,-1009000000.0,,1886000000.0,-309000000.0,-309000000.0,1957000000.0,1957000000.0,11812000000.0,CSCO,-180000000.0,,,,,,1957000000.0,-453000000.0,,,-427000000.0,,,,,55000000.0,,91000000.0,-453000000.0,,,,,,,,,,,,,,,,,,large_cap
2021-07-31,,,,,,,,,,,,,,,,,,,,,,,,,,,,,,,,,,,,,,,,,,,,,,,,,,,,,,CSCO,,,,,,,,,,,,,,,,,194000000.0,28000000.0,,,,,,,,,,,,,,,,,,,large_cap
2024-12-31,11760000000.0,-651000000.0,-6615000000.0,5705000000.0,745000000.0,-1685000000.0,1978000000.0,1723000000.0,14160000000.0,13089000000.0,1430000000.0,-7079000000.0,-7078000000.0,-146000000.0,-6147000000.0,-6147000000.0,94000000.0,-651000000.0,745000000.0,-880000000.0,30000000.0,-910000000.0,-6615000000.0,5705000000.0,-4937000000.0,-4937000000.0,,-1218000000.0,6544000000.0,-7762000000.0,-2591000000.0,-3289000000.0,-491000000.0,-1048000000.0,13445000000.0,13445000000.0,1313000000.0,1866000000.0,,,-13000000.0,-13000000.0,-13000000.0,-166000000.0,-374000000.0,,,1311000000.0,-2330000000.0,-2330000000.0,4667000000.0,4667000000.0,6023000000.0,IBM,-359000000.0,,,,,,2168000000.0,2461000000.0,,,,,2499000000.0,2499000000.0,,,698000000.0,557000000.0,-652000000.0,-637000000.0,-637000000.0,3113000000.0,,,,,,,,,,,,,,,large_cap
2023-12-31,12121000000.0,-402000000.0,-5082000000.0,9586000000.0,414000000.0,-1810000000.0,1668000000.0,1564000000.0,13089000000.0,7988000000.0,5092000000.0,-1769000000.0,-1770000000.0,-238000000.0,-6040000000.0,-6040000000.0,12000000.0,-402000000.0,414000000.0,4497000000.0,-7000000.0,4504000000.0,-5082000000.0,9586000000.0,-7070000000.0,-7071000000.0,1000000.0,-496000000.0,10647000000.0,-11143000000.0,-5086000000.0,-5086000000.0,-924000000.0,-1245000000.0,13931000000.0,13931000000.0,2184000000.0,1004000000.0,,,65000000.0,65000000.0,65000000.0,390000000.0,725000000.0,,,1133000000.0,-1114000000.0,-1114000000.0,4396000000.0,4396000000.0,7502000000.0,IBM,9000000.0,,,,,,2109000000.0,-170000000.0,,,,,2287000000.0,2287000000.0,,,,321000000.0,-170000000.0,-565000000.0,-565000000.0,0.0,,,,,,,,,,,,,,,large_cap
2022-12-31,8463000000.0,-407000000.0,-6800000000.0,7804000000.0,279000000.0,-1972000000.0,1401000000.0,1865000000.0,7988000000.0,6957000000.0,1275000000.0,-4958000000.0,-4958000000.0,-103000000.0,-5948000000.0,-5948000000.0,-128000000.0,-407000000.0,279000000.0,1221000000.0,217000000.0,1004000000.0,-6800000000.0,7804000000.0,-4202000000.0,-4202000000.0,,-1265000000.0,4665000000.0,-5930000000.0,-1076000000.0,-2348000000.0,-1235000000.0,-1346000000.0,10435000000.0,10435000000.0,202000000.0,457000000.0,,,213000000.0,213000000.0,213000000.0,71000000.0,-539000000.0,,,987000000.0,-2726000000.0,-2726000000.0,4802000000.0,4802000000.0,1639000000.0,IBM,-244000000.0,,,,,,2407000000.0,5531000000.0,,,,,2395000000.0,2395000000.0,,,1272000000.0,111000000.0,-363000000.0,-626000000.0,-626000000.0,5894000000.0,,,,,,,,,,,,,,,large_cap
2021-12-31,,,,,,,,,,,,,,,,,,,,,,,,,,,-1000000.0,,,,,,,,,,,,,,,,,,,,,,,,,,,IBM,,,,,,,,,,,,,,,,,114000000.0,,,,,,,,,,,,,,,,,,,,large_cap
2024-12-31,2405000000.0,-1590000000.0,-750000000.0,0.0,,-636000000.0,72000000.0,1386000000.0,3811000000.0,3933000000.0,-122000000.0,-2062000000.0,-2062000000.0,-1000000.0,,,-1590000000.0,-1590000000.0,,-750000000.0,,-750000000.0,-750000000.0,0.0,-1101000000.0,-1101000000.0,-115000000.0,198000000.0,2032000000.0,-1834000000.0,-548000000.0,-548000000.0,-636000000.0,-636000000.0,3041000000.0,3041000000.0,-2098000000.0,108000000.0,,,886000000.0,3000000.0,3000000.0,-1458000000.0,-1865000000.0,-1865000000.0,190000000.0,1407000000.0,-1163000000.0,-1163000000.0,3064000000.0,3064000000.0,1641000000.0,AMD,,,,,,,671000000.0,,,279000000.0,883000000.0,339000000.0,2393000000.0,2393000000.0,,,0.0,,,,,,0.0,0.0,,,,,,,,,,,,,large_cap
2023-12-31,1121000000.0,-1412000000.0,0.0,0.0,,-546000000.0,84000000.0,523000000.0,3933000000.0,4835000000.0,-902000000.0,-1146000000.0,-1146000000.0,-2000000.0,,,-1412000000.0,-1412000000.0,,0.0,,0.0,0.0,0.0,-1423000000.0,-1423000000.0,-11000000.0,-746000000.0,2987000000.0,-3733000000.0,-131000000.0,-131000000.0,-546000000.0,-546000000.0,1667000000.0,1667000000.0,-3049000000.0,-107000000.0,,,-740000000.0,-519000000.0,-519000000.0,-580000000.0,-1339000000.0,-1339000000.0,45000000.0,1384000000.0,-1019000000.0,-1019000000.0,3453000000.0,3453000000.0,854000000.0,AMD,,,,,,,642000000.0,-1000000.0,-1000000.0,268000000.0,-221000000.0,-390000000.0,2811000000.0,2811000000.0,,,0.0,,,,,,0.0,0.0,-1000000.0,11000000.0,,,,,,,,,,,large_cap
2022-12-31,3115000000.0,-4108000000.0,-312000000.0,991000000.0,,-450000000.0,85000000.0,685000000.0,4835000000.0,2535000000.0,2300000000.0,-3264000000.0,-3264000000.0,-2000000.0,,,-4108000000.0,-4108000000.0,,679000000.0,,679000000.0,-312000000.0,991000000.0,1999000000.0,1999000000.0,-11000000.0,1638000000.0,4310000000.0,-2672000000.0,822000000.0,-1544000000.0,-450000000.0,-450000000.0,3565000000.0,3565000000.0,-1846000000.0,366000000.0,,,1477000000.0,931000000.0,931000000.0,-1401000000.0,-278000000.0,-278000000.0,253000000.0,1081000000.0,-1505000000.0,-1505000000.0,4262000000.0,4262000000.0,1320000000.0,AMD,,,,,,,714000000.0,78000000.0,62000000.0,167000000.0,546000000.0,-2010000000.0,3548000000.0,3548000000.0,,,2366000000.0,,,,,,,,62000000.0,16000000.0,,,,,,,,,,,large_cap
2021-12-31,,,,,,,,,,,,,,,,,,,,,0.0,,,,,,,,,,,,,,,,,,,,,,,,,,,,,,,,,AMD,,0.0,,,,,,-15000000.0,-56000000.0,,,,,,,,0.0,,,,,,,,-56000000.0,34000000.0,,,,,,,,,,,large_cap
2024-01-31,9498000000.0,-7620000000.0,-1811000000.0,0.0,,-736000000.0,254000000.0,1027000000.0,8472000000.0,7016000000.0,1430000000.0,-7477000000.0,-7477000000.0,,0.0,0.0,-7620000000.0,-7620000000.0,,-1811000000.0,,-1811000000.0,-1811000000.0,0.0,-1327000000.0,-1327000000.0,,-509000000.0,3748000000.0,-4257000000.0,-82000000.0,-82000000.0,,,10234000000.0,10234000000.0,-2850000000.0,-249000000.0,-621000000.0,,-478000000.0,-478000000.0,-478000000.0,,-659000000.0,-659000000.0,1925000000.0,2787000000.0,,,3959000000.0,3959000000.0,4136000000.0,CRM,26000000.0,,,,,,,277000000.0,277000000.0,1954000000.0,,-843000000.0,,,-736000000.0,,,,,,,,,,,,,,,,,,,,,,large_cap
2023-01-31,6313000000.0,-4000000000.0,-423000000.0,0.0,,-798000000.0,275000000.0,510000000.0,7016000000.0,5464000000.0,1560000000.0,-3562000000.0,-3562000000.0,,0.0,0.0,-4000000000.0,-4000000000.0,,-423000000.0,,-423000000.0,-423000000.0,0.0,-1989000000.0,-1989000000.0,,-752000000.0,4575000000.0,-5327000000.0,-439000000.0,-439000000.0,,,7111000000.0,7111000000.0,-2069000000.0,-601000000.0,-699000000.0,,528000000.0,528000000.0,528000000.0,,-995000000.0,-995000000.0,1668000000.0,3279000000.0,0.0,0.0,3786000000.0,3786000000.0,208000000.0,CRM,-8000000.0,,,,,,,239000000.0,239000000.0,861000000.0,,-302000000.0,,,-798000000.0,,,,,,,,,,,,,,,,,,,,,,large_cap
2022-01-31,,,,,,,,,,,,,,,,,,,,,,,,,,,,,,,,,,,,,,,,,,,,,,,,,0.0,0.0,,,,CRM,,,,,,,,,,,,,,,,,,,0.0,,,,,,,,,,,,,,,,,,large_cap
2024-12-31,-15656000000.0,,-9637000000.0,10324000000.0,12714000000.0,-23944000000.0,987000000.0,2202000000.0,8249000000.0,7079000000.0,1170000000.0,11138000000.0,11138000000.0,11063000000.0,-1599000000.0,-1599000000.0,12714000000.0,,12714000000.0,687000000.0,0.0,687000000.0,-2288000000.0,2975000000.0,-18256000000.0,-18256000000.0,1118000000.0,4570000000.0,42510000000.0,-37940000000.0,0.0,-82000000.0,-23944000000.0,-23944000000.0,8288000000.0,8288000000.0,1103000000.0,1867000000.0,,,416000000.0,634000000.0,634000000.0,-1105000000.0,-75000000.0,-75000000.0,3491000000.0,3410000000.0,6132000000.0,6132000000.0,11379000000.0,11379000000.0,-19233000000.0,INTC,,7349000000.0,,,,2252000000.0,9951000000.0,-246000000.0,-246000000.0,987000000.0,-218000000.0,,1428000000.0,1428000000.0,,,0.0,,0.0,,,,,,,,-7349000000.0,,,,,,,,,,large_cap
2023-12-31,-14279000000.0,0.0,-4367000000.0,11391000000.0,1511000000.0,-25750000000.0,613000000.0,2621000000.0,7079000000.0,11144000000.0,-4065000000.0,8505000000.0,8505000000.0,3527000000.0,-3088000000.0,-3088000000.0,0.0,0.0,1511000000.0,7024000000.0,-3944000000.0,10968000000.0,-423000000.0,11391000000.0,-24041000000.0,-24041000000.0,1574000000.0,135000000.0,44549000000.0,-44414000000.0,0.0,-13000000.0,-25750000000.0,-25750000000.0,11471000000.0,11471000000.0,-569000000.0,-1982000000.0,,,-1415000000.0,-801000000.0,-801000000.0,2097000000.0,731000000.0,731000000.0,-424000000.0,3229000000.0,-2033000000.0,-2033000000.0,9602000000.0,9602000000.0,1675000000.0,INTC,,0.0,,,,33000000.0,7847000000.0,-42000000.0,-42000000.0,1042000000.0,-614000000.0,,1755000000.0,1755000000.0,,,0.0,,0.0,,,,,,,,-3944000000.0,,,,,,,,,,large_cap
2022-12-31,-9411000000.0,0.0,-4984000000.0,10493000000.0,1032000000.0,-24844000000.0,459000000.0,4282000000.0,11144000000.0,4827000000.0,6317000000.0,1115000000.0,1115000000.0,626000000.0,-5997000000.0,-5997000000.0,1032000000.0,0.0,1032000000.0,5509000000.0,3945000000.0,1564000000.0,-4984000000.0,6548000000.0,-10231000000.0,-10231000000.0,-1329000000.0,10044000000.0,53691000000.0,-43647000000.0,5898000000.0,-681000000.0,-24844000000.0,-24844000000.0,15433000000.0,15433000000.0,339000000.0,-990000000.0,,,-1562000000.0,-29000000.0,-29000000.0,-2436000000.0,5327000000.0,5327000000.0,1074000000.0,3128000000.0,-5148000000.0,-5148000000.0,13035000000.0,13035000000.0,8017000000.0,INTC,,3945000000.0,,,,301000000.0,11128000000.0,-5313000000.0,-4254000000.0,977000000.0,-1533000000.0,-24000000.0,1907000000.0,1907000000.0,,,6579000000.0,,-1059000000.0,,,,,,,,0.0,,,,,,,,,,large_cap
2021-12-31,,-2415000000.0,,,0.0,,,,,,,,,,,,-2415000000.0,-2415000000.0,0.0,,,,,,,,,,,,,-209000000.0,,,,,,,,,,,,,,,,,,,,,,INTC,,,,,,,,,,,,-1583000000.0,,,,,,,,,,,,,,,,,,,,,,,,,large_cap
2024-09-30,11161000000.0,-4121000000.0,-1713000000.0,799000000.0,383000000.0,-1041000000.0,,,7849000000.0,8527000000.0,-690000000.0,-9269000000.0,-9288000000.0,-949000000.0,-3687000000.0,-3687000000.0,-3738000000.0,-4121000000.0,383000000.0,-914000000.0,0.0,-914000000.0,-914000000.0,0.0,-3623000000.0,-3625000000.0,-36000000.0,-2304000000.0,2765000000.0,-5069000000.0,-254000000.0,-254000000.0,10000000.0,,12202000000.0,12293000000.0,1223000000.0,20000000.0,,230000000.0,1728000000.0,682000000.0,682000000.0,13000000.0,-768000000.0,-768000000.0,-67000000.0,2648000000.0,-3064000000.0,-3064000000.0,1706000000.0,1706000000.0,10110000000.0,QCOM,12000000.0,799000000.0,,,,86000000.0,,-349000000.0,-349000000.0,,1046000000.0,,,,-1041000000.0,,,10000000.0,,,,,2000000.0,-91000000.0,,,-799000000.0,19000000.0,,,,,,,,,large_cap
2023-09-30,9849000000.0,-2973000000.0,-7012000000.0,6948000000.0,434000000.0,-1450000000.0,,,8527000000.0,3099000000.0,5398000000.0,-6663000000.0,-6605000000.0,-540000000.0,-3462000000.0,-3462000000.0,-2539000000.0,-2973000000.0,434000000.0,-64000000.0,-498000000.0,434000000.0,-1446000000.0,1880000000.0,762000000.0,-621000000.0,19000000.0,918000000.0,1586000000.0,-668000000.0,-235000000.0,-235000000.0,127000000.0,,11299000000.0,11698000000.0,1148000000.0,-56000000.0,,603000000.0,-1879000000.0,-1880000000.0,-1880000000.0,8000000.0,2472000000.0,2472000000.0,25000000.0,2484000000.0,-1269000000.0,-1269000000.0,1809000000.0,1809000000.0,7339000000.0,QCOM,30000000.0,5068000000.0,,,,314000000.0,,-152000000.0,-152000000.0,,1000000.0,,,,-1450000000.0,,,127000000.0,,,,,1383000000.0,-399000000.0,,,-5566000000.0,-58000000.0,,,,,,,,,large_cap
2022-09-30,6834000000.0,-3129000000.0,-8892000000.0,8477000000.0,356000000.0,-2262000000.0,,,3099000000.0,7116000000.0,-3904000000.0,-7196000000.0,-7200000000.0,-800000000.0,-3212000000.0,-3212000000.0,-2773000000.0,-3129000000.0,356000000.0,-415000000.0,-3000000.0,-412000000.0,-1889000000.0,1477000000.0,-5804000000.0,-5788000000.0,41000000.0,1340000000.0,2754000000.0,-1414000000.0,-4912000000.0,-4912000000.0,5000000.0,,9096000000.0,9266000000.0,-7800000000.0,-324000000.0,,-2266000000.0,-7000000.0,1036000000.0,1036000000.0,-3137000000.0,-2066000000.0,-2066000000.0,-56000000.0,2031000000.0,-138000000.0,-138000000.0,1762000000.0,1762000000.0,12986000000.0,QCOM,-113000000.0,7000000000.0,,,,49000000.0,,432000000.0,432000000.0,,-1043000000.0,,,,-2262000000.0,,,5000000.0,,,,,-16000000.0,-170000000.0,,,-7003000000.0,4000000.0,,,,,,,,,large_cap
2024-09-30,762007000.0,-500558000.0,0.0,,,-30412000.0,0.0,181635000.0,1078340000.0,800835000.0,276203000.0,-457002000.0,-457002000.0,-11523000.0,,,-500558000.0,-500558000.0,,0.0,,0.0,0.0,,-59214000.0,-59214000.0,,4137000.0,6237000.0,-2100000.0,-32939000.0,-32939000.0,-30412000.0,-30412000.0,792419000.0,792419000.0,-64014000.0,22838000.0,-44667000.0,-106002000.0,40368000.0,40368000.0,40368000.0,-40504000.0,63953000.0,63953000.0,32079000.0,219108000.0,-68523000.0,-68523000.0,106991000.0,106991000.0,566778000.0,FFIV,1302000.0,,,,,0.0,,,,55079000.0,,,,,,,,,,,,,,,,,,,,,,,,,,,mid_cap
2023-09-30,599225000.0,-350049000.0,-350000000.0,,,-54184000.0,2970000.0,191569000.0,800835000.0,762207000.0,36503000.0,-653299000.0,-653299000.0,-13209000.0,,,-350049000.0,-350049000.0,,-350000000.0,,-350000000.0,-350000000.0,,36393000.0,36393000.0,,125626000.0,127415000.0,-1789000.0,-35049000.0,-35049000.0,-54184000.0,-54184000.0,653409000.0,653409000.0,-25725000.0,81741000.0,-45193000.0,-48368000.0,-63100000.0,-63100000.0,-63100000.0,32491000.0,16704000.0,16704000.0,39900000.0,236650000.0,-108521000.0,-108521000.0,112702000.0,112702000.0,394948000.0,FFIV,2125000.0,,,,,3455000.0,,,,59959000.0,,,,,,,,,,,,,,,,,,,,,,,,,,,mid_cap
2022-09-30,409007000.0,-500023000.0,-20000000.0,0.0,,-33624000.0,7981000.0,110036000.0,762207000.0,584333000.0,184239000.0,-476508000.0,-476508000.0,-21025000.0,,,-500023000.0,-500023000.0,,-20000000.0,,-20000000.0,-20000000.0,0.0,218116000.0,218116000.0,,319651000.0,380935000.0,-61284000.0,-67911000.0,-67911000.0,-33624000.0,-33624000.0,442631000.0,442631000.0,-250287000.0,191147000.0,-52046000.0,-231636000.0,19163000.0,19163000.0,19163000.0,-46310000.0,-130605000.0,-130605000.0,40002000.0,249216000.0,-40244000.0,-40244000.0,115609000.0,115609000.0,322160000.0,FFIV,-6365000.0,,,,,6175000.0,,,,64540000.0,,,,,,,,,,,,,,,,,,,,,,,,,,,mid_cap
2021-09-30,,,,0.0,,,,,,,,,,,,,,,,,,,,0.0,,,,,,,,,,,,,,,,,,,,,,,,,,,,,,FFIV,,,,,,,,,,,,,,,,0.0,,,,,,,,,,,,,,,,,,,,,mid_cap
2024-10-31,377891000.0,-301069000.0,-15729000.0,0.0,34291000.0,-136641000.0,92515000.0,54956000.0,935026000.0,1010786000.0,-77006000.0,-285061000.0,-285061000.0,-2554000.0,,,-266778000.0,-301069000.0,34291000.0,-15729000.0,,-15729000.0,-15729000.0,0.0,-306477000.0,-306477000.0,,-148154000.0,140836000.0,-288990000.0,-21682000.0,-21682000.0,-136641000.0,-136641000.0,514532000.0,514532000.0,102760000.0,9884000.0,-17640000.0,11837000.0,64255000.0,64255000.0,64255000.0,153021000.0,80313000.0,80313000.0,11768000.0,156404000.0,-76810000.0,-76810000.0,133470000.0,133470000.0,83956000.0,CIEN,1246000.0,,,,,,92846000.0,,,,,-198910000.0,40624000.0,40624000.0,,102984000.0,,,,,,,,,0.0,,,,,,,,,,,,mid_cap
2023-10-31,62135000.0,-280707000.0,-13221000.0,498330000.0,31357000.0,-106197000.0,84465000.0,78242000.0,1010786000.0,994378000.0,14258000.0,229380000.0,229380000.0,-6379000.0,,,-249350000.0,-280707000.0,31357000.0,485109000.0,,485109000.0,-13221000.0,498330000.0,-383454000.0,-383454000.0,,-47209000.0,208104000.0,-255313000.0,-230048000.0,-230048000.0,-106197000.0,-106197000.0,168332000.0,168332000.0,-396751000.0,27412000.0,-20857000.0,14190000.0,-138469000.0,-138469000.0,-138469000.0,-132497000.0,-94565000.0,-94565000.0,15771000.0,130455000.0,-14852000.0,-14852000.0,142180000.0,142180000.0,254827000.0,CIEN,2150000.0,,,,,,92564000.0,-24504000.0,,,,-51965000.0,49616000.0,49616000.0,,61206000.0,,,,,,,,,-26368000.0,,,,,,,,,,,,mid_cap
2022-10-31,-258574000.0,-549254000.0,-8665000.0,400000000.0,30348000.0,-90818000.0,42812000.0,34967000.0,994378000.0,1422604000.0,-402059000.0,-133055000.0,-133055000.0,-5484000.0,,,-518906000.0,-549254000.0,30348000.0,391335000.0,,391335000.0,-8665000.0,400000000.0,-101248000.0,-101248000.0,,51613000.0,707139000.0,-655526000.0,-62043000.0,-62043000.0,-90818000.0,-90818000.0,-167756000.0,-167756000.0,-572114000.0,26380000.0,-20096000.0,16453000.0,100327000.0,100327000.0,100327000.0,-589113000.0,-47069000.0,-47069000.0,4120000.0,105131000.0,-27502000.0,-27502000.0,140203000.0,140203000.0,152902000.0,CIEN,-26167000.0,,,,,,95922000.0,-4120000.0,,,,-58996000.0,44281000.0,44281000.0,,33624000.0,0.0,,,,,,,,-4120000.0,,,,,,,,,,,,mid_cap
2021-10-31,,,,,,,,,,,,,,,,,,,,,,,,,,,,,,,,,,,,,,,,,,,,,,,,,,,,,,CIEN,,,,,,,,-164000.0,,,,,,,,,4678000.0,,,,,,,,,,,,,,,,,,,,mid_cap
2024-03-31,796000000.0,-1298000000.0,-409000000.0,2000000.0,,-530000000.0,226000000.0,243000000.0,2474000000.0,3294000000.0,-822000000.0,-1656000000.0,-1656000000.0,49000000.0,,,-1298000000.0,-1298000000.0,,-407000000.0,,-407000000.0,-409000000.0,2000000.0,-492000000.0,-492000000.0,1000000.0,,,,12000000.0,0.0,-505000000.0,-530000000.0,1326000000.0,1326000000.0,-251000000.0,,-412000000.0,-297000000.0,-986000000.0,-986000000.0,-986000000.0,1105000000.0,339000000.0,380000000.0,123000000.0,152000000.0,-480000000.0,-480000000.0,537000000.0,537000000.0,1245000000.0,FLEX,2000000.0,,,,,,431000000.0,,,,,,106000000.0,106000000.0,,9000000.0,12000000.0,25000000.0,,,,,,,,,,,,,,,,,,,mid_cap
2023-03-31,315000000.0,-337000000.0,-1024000000.0,718000000.0,694000000.0,-635000000.0,227000000.0,124000000.0,3294000000.0,2964000000.0,348000000.0,2000000.0,2000000.0,645000000.0,,,-337000000.0,-337000000.0,694000000.0,-306000000.0,,-306000000.0,-1024000000.0,718000000.0,-604000000.0,-604000000.0,7000000.0,,,,4000000.0,,-615000000.0,-635000000.0,950000000.0,950000000.0,-615000000.0,,1170000000.0,-55000000.0,-341000000.0,-341000000.0,-341000000.0,-974000000.0,-415000000.0,-388000000.0,90000000.0,133000000.0,-192000000.0,-192000000.0,501000000.0,501000000.0,1033000000.0,FLEX,-18000000.0,,,,,,414000000.0,,,,,,87000000.0,87000000.0,,3000000.0,4000000.0,20000000.0,,,,,,,,,,,0.0,0.0,,,,,,,mid_cap
2022-03-31,581000000.0,-686000000.0,-284000000.0,759000000.0,0.0,-443000000.0,169000000.0,122000000.0,2964000000.0,2637000000.0,353000000.0,280000000.0,280000000.0,491000000.0,,,-686000000.0,-686000000.0,0.0,475000000.0,,475000000.0,-284000000.0,759000000.0,-951000000.0,-951000000.0,11000000.0,,,,-530000000.0,-539000000.0,-432000000.0,-443000000.0,1024000000.0,1024000000.0,-516000000.0,,1067000000.0,-295000000.0,969000000.0,969000000.0,969000000.0,-2655000000.0,398000000.0,624000000.0,76000000.0,91000000.0,-44000000.0,-44000000.0,484000000.0,484000000.0,936000000.0,FLEX,-26000000.0,,,,,,409000000.0,,,,,,75000000.0,75000000.0,,-3000000.0,9000000.0,11000000.0,,,,,,,,,,,488000000.0,488000000.0,,,,,,,mid_cap
2021-03-31,,,,,0.0,,,,,,,,,,,,,,0.0,,,,,,,,,,,,,-3000000.0,,,,,,,,,,,,,,,,,,,,,,FLEX,,,,,,,,,,,,,,,,5000000.0,0.0,,0.0,,,,,,,,,,0.0,0.0,,,,,,,mid_cap
2024-12-31,474081000.0,-198574000.0,-185000000.0,185000000.0,,-198095000.0,767000.0,121428000.0,553354000.0,757571000.0,-201933000.0,-251767000.0,-251767000.0,,-76423000.0,-76423000.0,-198574000.0,-198574000.0,,0.0,,0.0,-185000000.0,185000000.0,-622342000.0,-622342000.0,873000.0,16592000.0,62388000.0,-45796000.0,-441712000.0,-532060000.0,-198095000.0,-198095000.0,672176000.0,672176000.0,29690000.0,8574000.0,,,-54386000.0,-54386000.0,-54386000.0,8707000.0,-52659000.0,-52659000.0,-8104000.0,60122000.0,-46360000.0,-46360000.0,119741000.0,119741000.0,542372000.0,TER,-2284000.0,,,,,,100977000.0,-44207000.0,10056000.0,23230000.0,,119454000.0,18764000.0,18764000.0,,18922000.0,90348000.0,,-57119000.0,,,-4355000.0,,,7211000.0,,,,,,,,,,,,mid_cap
2023-12-31,425589000.0,-397241000.0,-50264000.0,0.0,,-159642000.0,296000.0,140239000.0,757571000.0,854773000.0,-96326000.0,-501912000.0,-501912000.0,,-67878000.0,-67878000.0,-397241000.0,-397241000.0,,-50264000.0,,-50264000.0,-50264000.0,0.0,-179645000.0,-179645000.0,-4540000.0,-15463000.0,146443000.0,-161906000.0,0.0,0.0,-159642000.0,-159642000.0,585231000.0,585231000.0,-4146000.0,-84131000.0,,,46782000.0,46782000.0,46782000.0,5327000.0,70977000.0,70977000.0,-6447000.0,57682000.0,-37642000.0,-37642000.0,110886000.0,110886000.0,448752000.0,TER,-876000.0,,,,,,92118000.0,-12212000.0,-14915000.0,13471000.0,,-43101000.0,18768000.0,18768000.0,,28358000.0,0.0,,0.0,,,2703000.0,,,0.0,,,,,,,,,,,,mid_cap
2022-12-31,414674000.0,-752082000.0,-66759000.0,0.0,,-163249000.0,1498000.0,193246000.0,854773000.0,1122199000.0,-271315000.0,-892989000.0,-892989000.0,,-69711000.0,-69711000.0,-752082000.0,-752082000.0,,-66759000.0,,-66759000.0,-66759000.0,0.0,43751000.0,43751000.0,3410000.0,203590000.0,490999000.0,-287409000.0,0.0,0.0,-163249000.0,-163249000.0,577923000.0,577923000.0,-267468000.0,-36067000.0,,,-60507000.0,-60507000.0,-60507000.0,-80809000.0,50628000.0,50628000.0,-2763000.0,48228000.0,-38693000.0,-38693000.0,110675000.0,110675000.0,715501000.0,TER,3889000.0,,,,,,90763000.0,-19009000.0,9985000.0,-4437000.0,,-140713000.0,19912000.0,19912000.0,,31452000.0,0.0,,0.0,,,-25584000.0,,,0.0,,,,,,,,,,,,mid_cap
2021-12-31,,,,,,,,,,,,,,,,,,,,,,,,,,,,,,,,,,,,,,,,,,,,,,,,,,,,,,TER,,,,,,0.0,,,,,,,,,,,,,,,,,,,,,,,,,,,,,,,mid_cap
2024-12-31,136000000.0,0.0,-1348100000.0,2224000000.0,409000000.0,-115300000.0,54600000.0,153900000.0,186700000.0,491600000.0,-276200000.0,1229800000.0,1229800000.0,-24900000.0,-30200000.0,-30200000.0,409000000.0,0.0,409000000.0,875900000.0,,875900000.0,-1348100000.0,2224000000.0,-1757300000.0,-1757300000.0,5900000.0,-48300000.0,4800000.0,-48300000.0,-1599600000.0,-1599600000.0,-115300000.0,-115300000.0,251300000.0,251300000.0,-118800000.0,-29300000.0,,,20900000.0,5500000.0,20800000.0,-69800000.0,-40600000.0,-40600000.0,50400000.0,25300000.0,-63800000.0,-63800000.0,183800000.0,183800000.0,113800000.0,BRKR,-28700000.0,,-15300000.0,-15300000.0,,88700000.0,84700000.0,-28100000.0,,6000000.0,15400000.0,,99100000.0,99100000.0,,,,1100000.0,,0.0,0.0,,,,,4600000.0,,,0.0,0.0,0.0,-28100000.0,,,,,mid_cap
2023-12-31,243200000.0,-152300000.0,-23500000.0,2000000.0,9500000.0,-106900000.0,33700000.0,96600000.0,491600000.0,648700000.0,-169300000.0,-193400000.0,-193400000.0,300000.0,-29400000.0,-29400000.0,-142800000.0,-152300000.0,9500000.0,-21500000.0,,-21500000.0,-23500000.0,2000000.0,-326000000.0,-326000000.0,32300000.0,-24800000.0,21200000.0,-24800000.0,-226600000.0,-226600000.0,-106900000.0,-106900000.0,350100000.0,350100000.0,-87800000.0,-28700000.0,,,66800000.0,44900000.0,1200000.0,-125000000.0,-900000.0,-900000.0,-172100000.0,30900000.0,-24400000.0,-24400000.0,114900000.0,114900000.0,428500000.0,BRKR,12200000.0,,43700000.0,43700000.0,,41600000.0,67800000.0,18500000.0,-6800000.0,9500000.0,21900000.0,,47100000.0,47100000.0,,,,11100000.0,,0.0,0.0,,,,,-8500000.0,,,0.0,0.0,0.0,18500000.0,,,,,mid_cap
2022-12-31,145200000.0,-263100000.0,-111000000.0,300000.0,0.0,-129200000.0,24300000.0,147400000.0,648700000.0,1071700000.0,-392500000.0,-415300000.0,-415300000.0,-14500000.0,-29800000.0,-29800000.0,-263100000.0,-263100000.0,0.0,-110700000.0,0.0,-110700000.0,-111000000.0,300000.0,-251600000.0,-251600000.0,,46000000.0,106200000.0,-60200000.0,-182300000.0,-182300000.0,-115300000.0,-129200000.0,274400000.0,274300000.0,-144100000.0,35200000.0,,,26500000.0,26500000.0,33300000.0,-137900000.0,-67900000.0,-67900000.0,26900000.0,27700000.0,-14800000.0,-14800000.0,88700000.0,88700000.0,298500000.0,BRKR,-30500000.0,0.0,-6800000.0,-6800000.0,,1600000.0,51600000.0,-10100000.0,,2800000.0,,,37100000.0,37100000.0,,,,13900000.0,,,,,,,,-10100000.0,0.0,,,,,,,,,,mid_cap
2021-12-31,,,,,,,,,,,,,,,,,,,,,0.0,,,,,,,,108200000.0,,,,,,,,,,,,,,,,,,,,,,,,,BRKR,,0.0,,,,,,,,,,,,,,,,4900000.0,,,,,,,,-1100000.0,0.0,,,,,,,,,,mid_cap
2024-09-30,228989000.0,-228456000.0,-2130370000.0,2108800000.0,6161000.0,-111227000.0,26099000.0,69411000.0,625860000.0,667570000.0,-43887000.0,-269707000.0,-269707000.0,-25842000.0,,,-222295000.0,-228456000.0,6161000.0,-21570000.0,0.0,-21570000.0,-21570000.0,0.0,-114396000.0,-114396000.0,,-5200000.0,0.0,-5200000.0,,,-109196000.0,-111227000.0,340216000.0,340216000.0,-106590000.0,89194000.0,,,-189105000.0,-111550000.0,-111550000.0,35705000.0,-42709000.0,-104389000.0,-1116000.0,57407000.0,30346000.0,30346000.0,122418000.0,122418000.0,237751000.0,SANM,2177000.0,2108800000.0,,,,,,,,,-77555000.0,325000.0,,,,,,2031000.0,,,,,,,,,-2108800000.0,,,,,,,,,,mid_cap
2023-09-30,43801000.0,-84784000.0,-2998300000.0,2980800000.0,3412000.0,-191367000.0,32486000.0,57339000.0,667570000.0,529857000.0,137215000.0,94505000.0,94505000.0,193377000.0,,,-81372000.0,-84784000.0,3412000.0,-17500000.0,0.0,-17500000.0,-17500000.0,0.0,-192458000.0,-192458000.0,,-2500000.0,0.0,-2500000.0,0.0,0.0,-189958000.0,-191367000.0,235168000.0,235168000.0,-291505000.0,55611000.0,,,-480083000.0,-418191000.0,-418191000.0,210218000.0,-59498000.0,-89462000.0,1768000.0,50402000.0,28753000.0,28753000.0,118237000.0,118237000.0,327513000.0,SANM,498000.0,2980800000.0,,,,,,,,,-61892000.0,-17753000.0,,,,,,1409000.0,0.0,0.0,,,,,,0.0,-2980800000.0,,,,,,0.0,,,,mid_cap
2022-09-30,192215000.0,-331101000.0,-2206814000.0,2220737000.0,2379000.0,-138639000.0,18243000.0,48131000.0,529857000.0,650026000.0,-115659000.0,-314299000.0,-314299000.0,500000.0,,,-328722000.0,-331101000.0,2379000.0,13923000.0,0.0,13923000.0,-332814000.0,346737000.0,-132214000.0,-132214000.0,,-2000000.0,0.0,-2000000.0,0.0,0.0,-130214000.0,-138639000.0,330854000.0,330854000.0,-95939000.0,,,,682927000.0,508989000.0,508989000.0,-651118000.0,-96048000.0,47483000.0,10108000.0,39608000.0,27910000.0,27910000.0,108783000.0,108783000.0,240384000.0,SANM,-4510000.0,1874000000.0,,,,1848000.0,,7000000.0,,,173938000.0,-31700000.0,,,,,,8425000.0,0.0,0.0,,,,,,7000000.0,-1874000000.0,,,,,,0.0,,,,mid_cap
2021-09-30,,,,,,,,,,,,,,,,,,,,,,,,0.0,,,,,,,-21408000.0,-21408000.0,,,,,,,,,,,,,,,,,,,,,,SANM,,,,,,0.0,,-23263000.0,,,,,,,,,,,-8263000.0,5000000.0,,,,,,-15000000.0,,,,,,,5000000.0,,,,mid_cap
2024-01-31,-125020000.0,0.0,-277375000.0,320000000.0,0.0,-31100000.0,83583000.0,19758000.0,128585000.0,235510000.0,-106067000.0,10550000.0,10550000.0,-32075000.0,,,0.0,0.0,0.0,42625000.0,65000000.0,42625000.0,-277375000.0,320000000.0,-22697000.0,-22697000.0,8923000.0,-930000.0,0.0,-930000.0,0.0,0.0,-28775000.0,-29185000.0,-93920000.0,-93920000.0,-81757000.0,,-5462000.0,1817000.0,-162863000.0,-44346000.0,-44346000.0,57308000.0,27443000.0,27443000.0,15380000.0,40170000.0,40636000.0,40636000.0,84452000.0,84452000.0,-1092029000.0,SMTC,-858000.0,70000000.0,,,,899265000.0,84452000.0,-37000.0,,0.0,-118517000.0,,,,,,0.0,410000.0,8000.0,-1915000.0,-1915000.0,,,,-45000.0,,-5000000.0,,,,,,,,,,mid_cap
2023-01-31,98388000.0,-50000000.0,-33000000.0,1224500000.0,0.0,-28323000.0,11745000.0,10364000.0,235510000.0,279601000.0,-44091000.0,1076520000.0,1076520000.0,-35950000.0,,,-50000000.0,-50000000.0,0.0,1191500000.0,-23000000.0,1191500000.0,-33000000.0,1224500000.0,-1247322000.0,-1247322000.0,,-4473000.0,2275000.0,-6748000.0,-1214564000.0,-1240757000.0,-28285000.0,-28323000.0,126711000.0,126711000.0,19576000.0,,-643000.0,6302000.0,15224000.0,-3697000.0,-3697000.0,-3752000.0,2445000.0,2445000.0,2231000.0,39248000.0,-15256000.0,-15256000.0,36893000.0,36893000.0,61372000.0,SMTC,0.0,10000000.0,,,,1156000.0,36893000.0,-18509000.0,,-29030000.0,18921000.0,,,,,,26193000.0,38000.0,-18260000.0,0.0,0.0,,,,-249000.0,,-33000000.0,,,,,,,,,,mid_cap
2022-01-31,176942000.0,-129746000.0,-28000000.0,20000000.0,,-26181000.0,4295000.0,3333000.0,279601000.0,268891000.0,10710000.0,-152097000.0,-152097000.0,-19628000.0,,,-129746000.0,-129746000.0,,-8000000.0,-8000000.0,-8000000.0,-28000000.0,20000000.0,-40316000.0,-40316000.0,-6000000.0,-8245000.0,0.0,-8245000.0,0.0,0.0,-26071000.0,-26181000.0,203123000.0,203123000.0,-9633000.0,,-8910000.0,11176000.0,15684000.0,-2145000.0,-2145000.0,-26509000.0,-1074000.0,-1074000.0,5234000.0,51189000.0,-3782000.0,-3782000.0,35302000.0,35302000.0,125645000.0,SMTC,0.0,20000000.0,0.0,0.0,,1337000.0,35302000.0,-2169000.0,,5277000.0,17829000.0,,,,,,0.0,110000.0,-54000.0,0.0,0.0,,,,-2115000.0,,-28000000.0,,,,,,,,,,mid_cap
2024-12-31,954000000.0,-47000000.0,-694000000.0,651000000.0,,-59000000.0,55000000.0,124000000.0,901000000.0,138000000.0,766000000.0,-190000000.0,-190000000.0,-100000000.0,,,-47000000.0,-47000000.0,,-43000000.0,,-43000000.0,-694000000.0,651000000.0,-57000000.0,-57000000.0,,2000000.0,5000000.0,-3000000.0,0.0,0.0,-59000000.0,-59000000.0,1013000000.0,1013000000.0,249000000.0,54000000.0,-45000000.0,9000000.0,307000000.0,176000000.0,176000000.0,105000000.0,-181000000.0,-181000000.0,100000000.0,89000000.0,-94000000.0,-94000000.0,172000000.0,172000000.0,528000000.0,ZBRA,-3000000.0,,,,,0.0,68000000.0,-31000000.0,-31000000.0,,131000000.0,,104000000.0,104000000.0,,,,,,,,,,,,,,,,,,,,0.0,,,mid_cap
2023-12-31,-91000000.0,-52000000.0,-245000000.0,440000000.0,,-87000000.0,111000000.0,252000000.0,137000000.0,117000000.0,21000000.0,117000000.0,117000000.0,-26000000.0,,,-52000000.0,-52000000.0,,195000000.0,,195000000.0,-245000000.0,440000000.0,-92000000.0,-92000000.0,,-5000000.0,0.0,-5000000.0,0.0,0.0,-87000000.0,-87000000.0,-4000000.0,-4000000.0,-515000000.0,-147000000.0,-180000000.0,-25000000.0,-462000000.0,-365000000.0,-365000000.0,50000000.0,249000000.0,249000000.0,29000000.0,55000000.0,-36000000.0,-36000000.0,176000000.0,176000000.0,296000000.0,ZBRA,0.0,,,,,0.0,72000000.0,-9000000.0,-9000000.0,-8000000.0,-97000000.0,,104000000.0,104000000.0,,,,,,,,,,,,,,,,,,,,-1000000.0,,,mid_cap
2022-12-31,413000000.0,-751000000.0,-247000000.0,1284000000.0,,-75000000.0,58000000.0,168000000.0,105000000.0,344000000.0,-227000000.0,253000000.0,253000000.0,-33000000.0,,,-751000000.0,-751000000.0,,1037000000.0,,1037000000.0,-247000000.0,1284000000.0,-968000000.0,-968000000.0,,-12000000.0,0.0,-12000000.0,-881000000.0,-881000000.0,-75000000.0,-75000000.0,488000000.0,488000000.0,27000000.0,155000000.0,225000000.0,-48000000.0,41000000.0,92000000.0,92000000.0,-341000000.0,-5000000.0,-5000000.0,-1000000.0,88000000.0,-210000000.0,-210000000.0,204000000.0,204000000.0,463000000.0,ZBRA,0.0,,,,,,68000000.0,-83000000.0,-83000000.0,-14000000.0,-51000000.0,,136000000.0,136000000.0,,,,,,,,,,,,,,,,,,,,-12000000.0,,,mid_cap
2021-12-31,,,,,,,,,,,,,,,,,,,,,,,,,,,-1000000.0,,,,,,,,,,,,,,,,,,,,,,,,,,,ZBRA,,,,,,,,-30000000.0,-30000000.0,-56000000.0,,,,,,,,,,,,,,,,,,,,,,,,,,,mid_cap
2024-12-31,1827000000.0,-605000000.0,-373000000.0,600000000.0,,-297000000.0,53000000.0,1120000000.0,2231000000.0,2717000000.0,-437000000.0,-915000000.0,-915000000.0,,-600000000.0,-600000000.0,-605000000.0,-605000000.0,,227000000.0,,227000000.0,-373000000.0,600000000.0,-1646000000.0,-1646000000.0,,266000000.0,268000000.0,-2000000.0,-1615000000.0,-1615000000.0,-297000000.0,-297000000.0,2124000000.0,2124000000.0,-510000000.0,44000000.0,-96000000.0,-386000000.0,-23000000.0,-23000000.0,-23000000.0,,-49000000.0,-49000000.0,32000000.0,175000000.0,-355000000.0,-355000000.0,542000000.0,542000000.0,2240000000.0,CTSH,-49000000.0,,,,,,,,,63000000.0,,,,,,,0.0,0.0,,,,,,,,0.0,,,,,,,,,,,mid_cap
2023-12-31,2013000000.0,-1064000000.0,-25000000.0,0.0,,-317000000.0,40000000.0,1245000000.0,2717000000.0,2294000000.0,390000000.0,-1609000000.0,-1609000000.0,,-591000000.0,-591000000.0,-1064000000.0,-1064000000.0,,-25000000.0,,-25000000.0,-25000000.0,0.0,-331000000.0,-331000000.0,,395000000.0,836000000.0,-441000000.0,-409000000.0,-409000000.0,-317000000.0,-317000000.0,2330000000.0,2330000000.0,-189000000.0,-4000000.0,-242000000.0,123000000.0,-23000000.0,-23000000.0,-23000000.0,,-43000000.0,-43000000.0,1000000.0,176000000.0,-339000000.0,-339000000.0,555000000.0,555000000.0,2126000000.0,CTSH,33000000.0,,,,,,,,,71000000.0,,,,,,,0.0,0.0,,,,,,,,0.0,,,,,,,,,,,mid_cap
2022-12-31,2236000000.0,-1422000000.0,-686000000.0,650000000.0,,-332000000.0,15000000.0,813000000.0,2294000000.0,1792000000.0,523000000.0,-1939000000.0,-1939000000.0,-3000000.0,-564000000.0,-564000000.0,-1422000000.0,-1422000000.0,,-36000000.0,0.0,-36000000.0,-686000000.0,650000000.0,-106000000.0,-106000000.0,,565000000.0,2382000000.0,-1817000000.0,-339000000.0,-367000000.0,-332000000.0,-332000000.0,2568000000.0,2568000000.0,-324000000.0,-26000000.0,-392000000.0,343000000.0,-11000000.0,-11000000.0,-11000000.0,,-238000000.0,-238000000.0,45000000.0,261000000.0,-273000000.0,-273000000.0,569000000.0,569000000.0,2290000000.0,CTSH,-21000000.0,0.0,,,,,,,,86000000.0,,,,,,,28000000.0,,,,,,,,,,0.0,,,,,,,,,,mid_cap
2021-12-31,,,,,,,,,,,,,,,,,,,,,0.0,,,,,,,,,,,,,,,,,,,,,,,,,,,,,,,,,CTSH,,0.0,,,,,,,,,,,,,,,0.0,,,,,,,,,,0.0,,,,,,,,,,mid_cap
2024-12-31,212791000.0,-66726000.0,-141442000.0,0.0,,-58737000.0,17361000.0,67541000.0,551547000.0,442961000.0,108586000.0,-272393000.0,-272393000.0,-22458000.0,-41799000.0,-41799000.0,-66726000.0,-66726000.0,,-141442000.0,,-141442000.0,-141442000.0,0.0,109451000.0,109451000.0,,172438000.0,714902000.0,-542464000.0,-4250000.0,-4250000.0,-5849000.0,-5849000.0,271528000.0,271528000.0,-169369000.0,-111361000.0,,,13002000.0,2283000.0,2283000.0,,-71010000.0,,-34379000.0,45966000.0,783000.0,783000.0,69913000.0,69913000.0,358614000.0,IDCC,,,,,,,,-676000.0,-676000.0,32000.0,10719000.0,,,,-52888000.0,,,,,-4250000.0,-4250000.0,,,,,,,,,,,,,,,,small_cap
2023-12-31,169107000.0,-339704000.0,0.0,0.0,,-44626000.0,18623000.0,59202000.0,442961000.0,703161000.0,-260200000.0,-388763000.0,-388763000.0,-10857000.0,-39454000.0,-39454000.0,-339704000.0,-339704000.0,,0.0,,0.0,0.0,0.0,-85170000.0,-85170000.0,,-40544000.0,797703000.0,-838247000.0,0.0,0.0,-4268000.0,-4268000.0,213733000.0,213733000.0,-1196000.0,76966000.0,,,-14052000.0,-2513000.0,-2513000.0,,-64110000.0,,-74992000.0,35741000.0,-34665000.0,-34665000.0,77792000.0,77792000.0,211053000.0,IDCC,,,,,,2500000.0,,-10130000.0,-10130000.0,1252000.0,-11539000.0,,,,-40358000.0,,,,,0.0,0.0,,,,,,,,,,,,,,,,small_cap
2022-12-31,243286000.0,-74445000.0,-282499000.0,460000000.0,,-42753000.0,13429000.0,6805000.0,703161000.0,713224000.0,-10063000.0,18604000.0,18604000.0,-87072000.0,-42306000.0,-42306000.0,-74445000.0,-74445000.0,,177501000.0,,177501000.0,-282499000.0,460000000.0,-314706000.0,-314706000.0,,-271953000.0,260771000.0,-532724000.0,0.0,,-3156000.0,-3156000.0,286039000.0,286039000.0,-27589000.0,-13453000.0,,,7933000.0,6868000.0,6868000.0,,-22069000.0,,100665000.0,22127000.0,18518000.0,18518000.0,78571000.0,78571000.0,92061000.0,IDCC,,,,,,2427000.0,,1686000.0,1686000.0,44926000.0,1065000.0,,,,-39597000.0,,0.0,,,0.0,0.0,,,,,,,,,,,,,,,,small_cap
2021-12-31,,,,0.0,,,,,,,,,,,,,,,,,,,,0.0,,,,,,,,,,,,,,,,,,,,,,,,,,,,,,IDCC,,,,,-7649000.0,13228000.0,,,,,,,,,,,0.0,,,-2350000.0,-2350000.0,,,,,,,,,,,,,,,,small_cap
2024-12-31,79098000.0,,-1075000.0,,9748000.0,-38436000.0,391000.0,15584000.0,197206000.0,181273000.0,19442000.0,-64612000.0,-64612000.0,-19983000.0,,,9748000.0,,9748000.0,-1075000.0,,-1075000.0,-1075000.0,,-33480000.0,-33480000.0,-1500000.0,-15129000.0,123962000.0,-139091000.0,21585000.0,0.0,-38436000.0,-38436000.0,117534000.0,117534000.0,-8652000.0,2699000.0,2558000.0,285000.0,-4560000.0,-8235000.0,-8235000.0,-8259000.0,-1921000.0,-1921000.0,7231000.0,39763000.0,-13355000.0,-13355000.0,32903000.0,32903000.0,69614000.0,FORM,-3509000.0,,,,,0.0,32903000.0,-19072000.0,,-53302000.0,3675000.0,546000.0,2582000.0,2582000.0,,12342000.0,21585000.0,,-20581000.0,,,,,,0.0,0.0,,,,,,1509000.0,,,-3240000.0,,small_cap
2023-12-31,8575000.0,-19801000.0,-1045000.0,,8822000.0,-56027000.0,422000.0,17385000.0,181273000.0,112982000.0,70940000.0,-22711000.0,-22711000.0,-10687000.0,,,8822000.0,-19801000.0,8822000.0,-1045000.0,,-1045000.0,-1045000.0,,29049000.0,29049000.0,,-16709000.0,118753000.0,-135462000.0,101785000.0,0.0,-56027000.0,-56027000.0,64602000.0,64602000.0,-32231000.0,7824000.0,-2955000.0,-146000.0,-1105000.0,1319000.0,1319000.0,-9488000.0,-23304000.0,-23304000.0,7890000.0,38616000.0,-12100000.0,-12100000.0,37453000.0,37453000.0,82387000.0,FORM,-2649000.0,,,,,1083000.0,37453000.0,-70671000.0,,-19801000.0,-2424000.0,-3057000.0,6850000.0,6850000.0,,15003000.0,101785000.0,,-72953000.0,,,,,,0.0,0.0,,,,,,2282000.0,,,-2828000.0,,small_cap
2022-12-31,66532000.0,-82328000.0,-8398000.0,0.0,10499000.0,-65254000.0,535000.0,10917000.0,112982000.0,155342000.0,-39850000.0,-95932000.0,-95932000.0,-15705000.0,,,10499000.0,-82328000.0,10499000.0,-8398000.0,,-8398000.0,-8398000.0,0.0,-75704000.0,-75704000.0,-1000000.0,-6100000.0,95794000.0,-101894000.0,-3350000.0,-3350000.0,-65254000.0,-65254000.0,131786000.0,131786000.0,-18173000.0,1286000.0,-8079000.0,66000.0,-4103000.0,3899000.0,3899000.0,-28780000.0,26028000.0,26028000.0,676000.0,31337000.0,-6343000.0,-6343000.0,38037000.0,38037000.0,50738000.0,FORM,-2510000.0,,,,,8153000.0,28646000.0,2547000.0,,-82328000.0,-8002000.0,-4591000.0,9391000.0,9391000.0,,24632000.0,0.0,,0.0,,,,,,,296000.0,,,,,,2251000.0,,,182000.0,,small_cap
2021-12-31,,-24038000.0,,0.0,,,,,,,,,,,,,,-24038000.0,,,,,,0.0,,,,,,,,,,,,,,,,,,,,,,,,,,,,,,FORM,,,,,,,,,,,,,18747000.0,18747000.0,,,,,,,,,,,,449000.0,,,,,,,,,,,small_cap
2024-12-31,74000000.0,-1800000.0,-355000000.0,0.0,,-56800000.0,17300000.0,33300000.0,722100000.0,1044600000.0,-319900000.0,-377100000.0,-377100000.0,-100000.0,-15400000.0,-15400000.0,-1800000.0,-1800000.0,,-355000000.0,,-355000000.0,-355000000.0,0.0,-73600000.0,-73600000.0,,-3000000.0,,-3000000.0,-13800000.0,-13800000.0,-56800000.0,-56800000.0,130800000.0,133000000.0,-22200000.0,-900000.0,-5300000.0,-2100000.0,-600000.0,-600000.0,-600000.0,-27900000.0,14600000.0,14600000.0,5000000.0,45900000.0,-20500000.0,-20500000.0,68500000.0,68500000.0,56300000.0,AEIS,-2600000.0,,,,,,42500000.0,,,-4800000.0,,,26000000.0,26000000.0,,,,,,,,,,-2200000.0,,,,,,,,,,,,,small_cap
2023-12-31,147900000.0,-40000000.0,-20000000.0,575000000.0,,-61000000.0,14400000.0,47900000.0,1044600000.0,458800000.0,589900000.0,445700000.0,445700000.0,-128900000.0,-15200000.0,-15200000.0,-40000000.0,-40000000.0,,555000000.0,,555000000.0,-20000000.0,575000000.0,-64700000.0,-64700000.0,,-3700000.0,,-3700000.0,0.0,0.0,-61000000.0,-61000000.0,208900000.0,212900000.0,16800000.0,600000.0,-25300000.0,5000000.0,-26100000.0,-26100000.0,-26100000.0,39300000.0,23300000.0,23300000.0,1800000.0,31000000.0,-34000000.0,-34000000.0,66500000.0,66500000.0,130800000.0,AEIS,-4100000.0,,,,,,38279000.0,439000.0,,74800000.0,,,28254000.0,28254000.0,,,,,,,,,,-4000000.0,,,,,,,,,,,,,small_cap
2022-12-31,124702000.0,-26635000.0,-20000000.0,0.0,,-58885000.0,6608000.0,17546000.0,458818000.0,544372000.0,-86550000.0,-61865000.0,-61865000.0,,-15204000.0,-15204000.0,-26635000.0,-26635000.0,,-20000000.0,,-20000000.0,-20000000.0,0.0,-208272000.0,-208272000.0,,0.0,,0.0,-149387000.0,-149387000.0,-58885000.0,-58885000.0,183587000.0,183731000.0,-89154000.0,1800000.0,49296000.0,-19673000.0,-28703000.0,-28703000.0,-28703000.0,-32244000.0,-59630000.0,-59630000.0,-3415000.0,19849000.0,-5736000.0,-5736000.0,60296000.0,60296000.0,201891000.0,AEIS,996000.0,,,,,,34182000.0,-3962000.0,,-26000.0,,,26114000.0,26114000.0,,,,,,,,,,-144000.0,,,,,,,,,,,,,small_cap
2021-12-31,,,,,,,,,,,,,,-1350000.0,,,,,,,,,,,,,3050000.0,,0.0,,,,,,,,,,,,,,,,,,,,,,,,,AEIS,,,,,,,30833000.0,1496000.0,,,,,22060000.0,22060000.0,,,,,0.0,,,,,,,,,,,,,,,,,,small_cap
2024-12-31,51155000.0,-34479000.0,-9596000.0,8416000.0,,-185739000.0,48988000.0,18766000.0,503932000.0,450208000.0,53863000.0,-36821000.0,-36821000.0,-1162000.0,,,-34479000.0,-34479000.0,,-1180000.0,,-1180000.0,-9596000.0,8416000.0,-146210000.0,-146210000.0,-76000.0,,,,0.0,0.0,-146134000.0,-185739000.0,236894000.0,236894000.0,-30331000.0,44407000.0,4939000.0,,59307000.0,49719000.0,49719000.0,-11910000.0,-124386000.0,-35054000.0,143000.0,29780000.0,-1722000.0,-1722000.0,150125000.0,150125000.0,56299000.0,TTMI,-139000.0,,,,,32600000.0,105233000.0,,,0.0,9588000.0,-2688000.0,44892000.0,44892000.0,,,0.0,39605000.0,0.0,,,,,,,0.0,,,,,,,,,,,small_cap
2023-12-31,27042000.0,-24432000.0,-291572000.0,284818000.0,,-160242000.0,47884000.0,53751000.0,450208000.0,402749000.0,47581000.0,-47673000.0,-47673000.0,-16487000.0,,,-24432000.0,-24432000.0,,-6754000.0,,-6754000.0,-291572000.0,284818000.0,-92030000.0,-92030000.0,-101000.0,,,,6039000.0,0.0,-97968000.0,-160242000.0,187284000.0,187284000.0,-11942000.0,22527000.0,-24539000.0,,-51029000.0,-34582000.0,-34582000.0,-45392000.0,92525000.0,49936000.0,1689000.0,22887000.0,-11347000.0,-11347000.0,160731000.0,160731000.0,-18718000.0,TTMI,-122000.0,,,,,44100000.0,99155000.0,-116000.0,,0.0,-16447000.0,-6034000.0,61576000.0,61576000.0,,,6039000.0,62274000.0,-1270000.0,,,,,,,0.0,,,,,,,,,,,small_cap
2022-12-31,169989000.0,-35424000.0,-50000000.0,50000000.0,,-102884000.0,42844000.0,4574000.0,402749000.0,537678000.0,-133896000.0,-11311000.0,-11311000.0,25000000.0,,,-35424000.0,-35424000.0,,0.0,,0.0,-50000000.0,50000000.0,-395458000.0,-395458000.0,-245000.0,,,,-298339000.0,-298339000.0,-96874000.0,-102884000.0,272873000.0,272873000.0,18385000.0,24530000.0,33285000.0,,658000.0,-14804000.0,-14804000.0,-4411000.0,-20204000.0,-35738000.0,-3027000.0,19525000.0,61304000.0,61304000.0,133907000.0,133907000.0,94583000.0,TTMI,-1033000.0,,,,,0.0,91276000.0,-51804000.0,,-887000.0,15462000.0,-15473000.0,42631000.0,42631000.0,,,0.0,6010000.0,0.0,,,,,,,-51804000.0,,,,,,,,,,,small_cap
2021-12-31,,,,,,,,,,,,,,,,,,,,,,,,,,,,,,,,-3188000.0,,,,,,,,,,,,,,,,,,,,,,TTMI,,,,,,,,15217000.0,,,,,,,,,,,,,,,,,,0.0,,,,,,,,,,,small_cap
2024-10-31,130413000.0,0.0,-6621000.0,,,-131031000.0,,,598485000.0,501867000.0,97249000.0,-7730000.0,-7730000.0,,,,0.0,0.0,,-6621000.0,,-6621000.0,-6621000.0,,-156465000.0,-156465000.0,2288000.0,-27722000.0,72836000.0,-100558000.0,,,-130942000.0,-130942000.0,261444000.0,261444000.0,-17710000.0,,,628000.0,-9643000.0,-9643000.0,-9643000.0,-6154000.0,-2541000.0,-2541000.0,,13890000.0,-1389000.0,-1389000.0,82805000.0,82805000.0,183848000.0,PLAB,2127000.0,,,,,,82433000.0,,,-1109000.0,,,372000.0,372000.0,,,,,,-89000.0,-89000.0,,,,,,,,,,,,,-2758000.0,,,small_cap
2023-10-31,170764000.0,0.0,-18439000.0,0.0,,-131412000.0,,,499292000.0,322409000.0,182138000.0,-18493000.0,-18493000.0,,,,0.0,0.0,,-18439000.0,,-18439000.0,-18439000.0,0.0,-101545000.0,-101545000.0,2522000.0,27345000.0,47537000.0,-20192000.0,,,-131295000.0,-131295000.0,302176000.0,302176000.0,14633000.0,,,9665000.0,-294000.0,-294000.0,-294000.0,1236000.0,4026000.0,4026000.0,,8001000.0,-927000.0,-927000.0,80835000.0,80835000.0,199634000.0,PLAB,-2680000.0,,,,,,80473000.0,,,-54000.0,,,362000.0,362000.0,,,,,,-117000.0,-117000.0,,,,,,,,,,,,,-2575000.0,,,small_cap
2022-10-31,162644000.0,-2522000.0,-65440000.0,0.0,,-112543000.0,,,319680000.0,279680000.0,88741000.0,-38689000.0,-38689000.0,24995000.0,,,-2522000.0,-2522000.0,,-65440000.0,,-65440000.0,-65440000.0,0.0,-147757000.0,-147757000.0,3640000.0,-38854000.0,0.0,-38854000.0,,,-112338000.0,-112338000.0,275187000.0,275187000.0,8498000.0,,,1204000.0,60566000.0,60566000.0,60566000.0,-2039000.0,-51233000.0,-51233000.0,,6308000.0,809000.0,809000.0,80330000.0,80330000.0,179242000.0,PLAB,-46012000.0,,,,,,79971000.0,,,4278000.0,,,359000.0,359000.0,,,,,,-205000.0,-205000.0,,,,,,,,,,,,,-2729000.0,,,small_cap
2021-10-31,,,,20858000.0,,,,,,,,,,-9597000.0,,,,,,,,,,20858000.0,,,,,,,,,,,,,,,,,,,,,,,,,,,,,,PLAB,,,,,,,,,,,,,,,,,,,,,,,,,,,,,,,,,,,,,small_cap
2024-12-31,-7856000.0,-26986000.0,-31348000.0,0.0,,-10634000.0,803000.0,24926000.0,206407000.0,245524000.0,-34341000.0,-59035000.0,-59035000.0,,,,-26986000.0,-26986000.0,,-31348000.0,,-31348000.0,-31348000.0,0.0,21916000.0,21916000.0,,32443000.0,114228000.0,-81785000.0,0.0,0.0,-10527000.0,-10634000.0,2778000.0,2778000.0,-3879000.0,-17258000.0,-5903000.0,-16148000.0,-5794000.0,-5794000.0,-3560000.0,6374000.0,34850000.0,34850000.0,8493000.0,20740000.0,-3722000.0,-3722000.0,52487000.0,52487000.0,-69818000.0,COHU,-4776000.0,,-2234000.0,-2234000.0,,903000.0,52487000.0,-1172000.0,,-701000.0,,,,,,,,107000.0,,,,-1589000.0,,,,176000.0,,,,,,,,,-1254000.0,,small_cap
2023-12-31,85417000.0,-23641000.0,-38840000.0,0.0,0.0,-16053000.0,3424000.0,44276000.0,245524000.0,242341000.0,3123000.0,-68137000.0,-68137000.0,,,,-23641000.0,-23641000.0,0.0,-38840000.0,0.0,-38840000.0,-38840000.0,0.0,-30210000.0,-30210000.0,,55359000.0,152649000.0,-97290000.0,-69732000.0,-69732000.0,-15837000.0,-16053000.0,101470000.0,101470000.0,10413000.0,-21653000.0,-7454000.0,10920000.0,-46138000.0,-46138000.0,-21356000.0,12839000.0,61899000.0,61899000.0,2233000.0,17237000.0,-4774000.0,-4774000.0,49744000.0,49744000.0,28156000.0,COHU,60000.0,0.0,-24782000.0,-24782000.0,,0.0,49744000.0,-175000.0,,-5656000.0,,,,,,,0.0,216000.0,0.0,,,-540000.0,,,,-4000.0,,,,,,,,,-1364000.0,,small_cap
2022-12-31,98091000.0,-50719000.0,-38393000.0,0.0,0.0,-14770000.0,3443000.0,23123000.0,242341000.0,290201000.0,-46079000.0,-91069000.0,-91069000.0,,0.0,0.0,-50719000.0,-50719000.0,0.0,-38393000.0,0.0,-38393000.0,-38393000.0,,-67871000.0,-67871000.0,,-53450000.0,155406000.0,-208856000.0,0.0,0.0,-14421000.0,-14770000.0,112861000.0,112861000.0,-48944000.0,-9205000.0,-5258000.0,-16202000.0,-12222000.0,-12222000.0,-33130000.0,-18508000.0,12451000.0,12451000.0,9867000.0,14918000.0,-3504000.0,-3504000.0,46016000.0,46016000.0,96847000.0,COHU,-1781000.0,0.0,20908000.0,20908000.0,,0.0,46016000.0,-1480000.0,,-1957000.0,,,,,,,0.0,349000.0,0.0,,,-1589000.0,,,,-203000.0,,,,,,,,,-859000.0,,small_cap
2021-12-31,,,,,223119000.0,,,22717000.0,,,,,,,0.0,0.0,,,223119000.0,,1376000.0,,,,,,,,,,,,,,,,,,,,,,,,,,,,,,,,,COHU,,1376000.0,,,,,,,,,,,,,,,120886000.0,,-70815000.0,,,,,,,,,,,,,,,,,,small_cap
2024-09-30,80866000.0,,-304725000.0,214062000.0,,-2226000.0,14763000.0,7306000.0,27510000.0,31693000.0,-5953000.0,-89048000.0,-89048000.0,-3569000.0,,,,,,-90663000.0,,-90663000.0,-304725000.0,214062000.0,3000.0,3000.0,,,,,0.0,0.0,-2226000.0,-2226000.0,83092000.0,83092000.0,11690000.0,,,-107000.0,16652000.0,8729000.0,6448000.0,8786000.0,-13641000.0,-13641000.0,13882000.0,13159000.0,-11761000.0,-11761000.0,33617000.0,33617000.0,22505000.0,DGII,1770000.0,,2281000.0,2281000.0,,,8511000.0,,,5184000.0,7923000.0,,25106000.0,25106000.0,,,,,,2229000.0,,,,,,,,,,,,,2229000.0,,,,small_cap
2023-09-30,32406000.0,,-36375000.0,0.0,0.0,-4345000.0,26351000.0,8693000.0,31693000.0,34900000.0,-2094000.0,-34500000.0,-34500000.0,-4314000.0,,,0.0,,0.0,-36375000.0,,-36375000.0,-36375000.0,0.0,-4345000.0,-4345000.0,,,,,0.0,0.0,-4345000.0,-4345000.0,36751000.0,36751000.0,-21716000.0,,,-1214000.0,-9882000.0,-11415000.0,-15503000.0,-5062000.0,-5558000.0,-5558000.0,-806000.0,13286000.0,-12739000.0,-12739000.0,33956000.0,33956000.0,24770000.0,DGII,-1113000.0,,4088000.0,4088000.0,,,6753000.0,,,6189000.0,1533000.0,,27203000.0,27203000.0,,-2633000.0,,,,0.0,,,,,,,,,,,,,0.0,,,,small_cap
2022-09-30,35766000.0,,-148118000.0,350000000.0,0.0,-1974000.0,14209000.0,4333000.0,34900000.0,152432000.0,-119006000.0,192782000.0,192782000.0,-20105000.0,,,0.0,,0.0,201882000.0,,201882000.0,-148118000.0,350000000.0,-349528000.0,-349528000.0,,,,,-347554000.0,-347554000.0,-1974000.0,-1974000.0,37740000.0,37740000.0,-18018000.0,,,-545000.0,17109000.0,5976000.0,7281000.0,-34468000.0,-114000.0,-114000.0,-6388000.0,8578000.0,-3387000.0,-3387000.0,37572000.0,37572000.0,19383000.0,DGII,1474000.0,,-1305000.0,-1305000.0,,,6644000.0,4000.0,,11005000.0,11133000.0,,30928000.0,30928000.0,,7328000.0,,,,0.0,,,,,,4000.0,,,,,,,0.0,,,,small_cap
2021-09-30,,,,,73830000.0,,,,,,,,,,,,73830000.0,,73830000.0,,,,,,,,,,,,,,,,,,,,,,,,,,,,,,,,,,,DGII,,,,,,,,89000.0,,,,,,,,2290000.0,,,,,,,,,,89000.0,,,,,,,,,,,small_cap
2024-12-31,59956000.0,-16053000.0,-15000000.0,242500000.0,,-14108000.0,5795000.0,22952000.0,68253000.0,89371000.0,-17571000.0,206258000.0,206258000.0,-1736000.0,-3453000.0,-3453000.0,-16053000.0,-16053000.0,,227500000.0,,227500000.0,-15000000.0,242500000.0,-297893000.0,-297893000.0,-785000.0,36598000.0,167907000.0,-131309000.0,-320481000.0,-320481000.0,-13225000.0,-14108000.0,74064000.0,74064000.0,6990000.0,,-5006000.0,3615000.0,-7723000.0,-870000.0,139000.0,15121000.0,983000.0,-6817000.0,2496000.0,3740000.0,-6267000.0,-6267000.0,16457000.0,16457000.0,49192000.0,BELFB,-3547000.0,,-1009000.0,-1009000.0,,,,1456000.0,,,-6853000.0,,,,,,0.0,883000.0,0.0,,,,,,0.0,0.0,,,,,,1456000.0,,,,,small_cap
2023-12-31,96223000.0,-105000.0,-40000000.0,5000000.0,,-12126000.0,4729000.0,25056000.0,89371000.0,70266000.0,16217000.0,-38597000.0,-38597000.0,,-3492000.0,-3492000.0,-105000.0,-105000.0,,-35000000.0,-35000000.0,-35000000.0,-40000000.0,5000000.0,-53535000.0,-53535000.0,-2152000.0,-40074000.0,19918000.0,-59992000.0,-5219000.0,-10282000.0,-6090000.0,-12126000.0,108349000.0,108349000.0,24337000.0,,-16388000.0,2754000.0,-23593000.0,-27721000.0,-22745000.0,33613000.0,27951000.0,22500000.0,-1004000.0,3486000.0,-3872000.0,-3872000.0,13312000.0,13312000.0,73831000.0,BELFB,2888000.0,5000000.0,-4976000.0,-4976000.0,,,,-1741000.0,,,4128000.0,,,,,,5063000.0,6036000.0,-980000.0,,,,,,0.0,-2117000.0,-40000000.0,,,,,1356000.0,,,,,small_cap
2022-12-31,31425000.0,-349000.0,-17500000.0,0.0,,-8832000.0,3371000.0,14618000.0,70266000.0,61756000.0,11996000.0,-21262000.0,-21262000.0,,-3413000.0,-3413000.0,-349000.0,-349000.0,,-17500000.0,-17500000.0,-17500000.0,-17500000.0,0.0,-6999000.0,-6999000.0,,0.0,0.0,0.0,0.0,0.0,-6999000.0,-8832000.0,40257000.0,40257000.0,-24438000.0,7000000.0,-4162000.0,5790000.0,21197000.0,3480000.0,1522000.0,-36592000.0,-10671000.0,-20702000.0,1229000.0,2382000.0,-4594000.0,-4594000.0,14863000.0,14863000.0,52689000.0,BELFB,-3486000.0,0.0,1958000.0,1958000.0,,,,-1874000.0,,,17717000.0,,,,,,0.0,1833000.0,0.0,,,,,,,-1596000.0,-17500000.0,,,,,-278000.0,,,,,small_cap
2021-12-31,,,,,,,,,,,,,,-675000.0,,,,,,,,,,,,,,,,,,,,,,,,-1182000.0,,,,,,,,,,,,,,,,BELFB,,,,,,,,,,,,,,,,,,,,,,,,,,,,,,,,,,,,,small_cap
2024-07-31,-67578000.0,,-48800000.0,157140000.0,43200000.0,-13083000.0,18097000.0,4877000.0,32433000.0,18961000.0,13472000.0,47825000.0,47825000.0,-18401000.0,-268000.0,-268000.0,,,,23040000.0,-85300000.0,108340000.0,-48800000.0,157140000.0,20142000.0,20142000.0,,,,,33225000.0,,-13083000.0,-13083000.0,-54495000.0,-54495000.0,-60496000.0,2755000.0,14000.0,-717000.0,-20762000.0,-21221000.0,-18930000.0,-7763000.0,-38305000.0,-38305000.0,3004000.0,6096000.0,-2990000.0,-2990000.0,33313000.0,33313000.0,-99985000.0,CMTL,,,-2291000.0,-2291000.0,,64525000.0,12159000.0,-2185000.0,-4273000.0,254000.0,459000.0,4282000.0,21154000.0,21154000.0,,4223000.0,33225000.0,,1199000.0,,,,,,,889000.0,,,43200000.0,43200000.0,,,,,,-296000.0,small_cap
2023-07-31,-22744000.0,,-1879000.0,0.0,0.0,-18311000.0,11914000.0,361000.0,18961000.0,21654000.0,-2693000.0,20051000.0,20051000.0,-6779000.0,-8661000.0,-8661000.0,,,,35021000.0,36900000.0,-1879000.0,-1879000.0,0.0,-18311000.0,-18311000.0,,,,,0.0,0.0,-18311000.0,-18311000.0,-4433000.0,-4433000.0,-22521000.0,10194000.0,-324000.0,-3356000.0,23903000.0,22035000.0,20362000.0,-14885000.0,-39709000.0,-39709000.0,-1322000.0,13871000.0,-6060000.0,-6060000.0,33318000.0,33318000.0,-26899000.0,CMTL,,,1673000.0,1673000.0,,0.0,11922000.0,48000.0,,470000.0,1868000.0,1656000.0,21396000.0,21396000.0,,5132000.0,0.0,,0.0,,,,,,,48000.0,,,0.0,0.0,,,,,,1197000.0,small_cap
2022-07-31,-17622000.0,,-15000.0,0.0,100000000.0,-19619000.0,4094000.0,2913000.0,21654000.0,30861000.0,-9207000.0,8415000.0,8415000.0,-10256000.0,-11048000.0,-11048000.0,,,,-71015000.0,-71000000.0,-15000.0,-15000.0,0.0,-19619000.0,-19619000.0,,,,,0.0,0.0,-19619000.0,-19619000.0,1997000.0,1997000.0,-7078000.0,-1362000.0,-3690000.0,-6656000.0,-5341000.0,5762000.0,6833000.0,-20406000.0,33567000.0,33567000.0,-2852000.0,15155000.0,-5856000.0,-5856000.0,31710000.0,31710000.0,-33052000.0,CMTL,,,-1071000.0,-1071000.0,,0.0,10314000.0,-1315000.0,-1005000.0,734000.0,-11103000.0,-3190000.0,21396000.0,21396000.0,,5285000.0,0.0,,0.0,,,,,,,-310000.0,,,100000000.0,100000000.0,,,,,,-22000.0,small_cap
2021-07-31,,,,,,,,,,,,,,,,,,,,,,,,,,,,,,,,-750000.0,,,,,,,,,,,,,,,,,,,,,,CMTL,,,,,,,,,,,,,,,,,,,,,,,,,,,,,,,,,,,,,small_cap
2024-12-31,79598000.0,-42596000.0,-890800000.0,915600000.0,,-18644000.0,4230000.0,16599000.0,94334000.0,163876000.0,-69202000.0,-26888000.0,-26888000.0,-4207000.0,-4885000.0,-4885000.0,-42596000.0,-42596000.0,,24800000.0,,24800000.0,-890800000.0,915600000.0,-140556000.0,-140556000.0,,0.0,,,-121912000.0,-121912000.0,,,98242000.0,98242000.0,8941000.0,-227000.0,-4184000.0,5887000.0,-5035000.0,-1771000.0,-1771000.0,12473000.0,27000.0,27000.0,322000.0,5650000.0,-2792000.0,-2792000.0,30922000.0,30922000.0,55472000.0,CTS,-340000.0,,,,,,17574000.0,-273000.0,-575000.0,,-3264000.0,,13348000.0,13348000.0,-18644000.0,,,,,,,302000.0,,,,,,,,,,,,,,,small_cap
2023-12-31,74073000.0,-40926000.0,-774529000.0,758359000.0,,-14738000.0,3126000.0,20235000.0,163876000.0,156910000.0,5315000.0,-65399000.0,-65399000.0,-3263000.0,-5040000.0,-5040000.0,-40926000.0,-40926000.0,,-16170000.0,,-16170000.0,-774529000.0,758359000.0,-18097000.0,-18097000.0,,0.0,,,-3359000.0,-3359000.0,,,88811000.0,88811000.0,-3539000.0,-110000.0,3668000.0,-2956000.0,-19084000.0,-9751000.0,-9751000.0,2353000.0,12590000.0,12590000.0,1684000.0,5181000.0,-4046000.0,-4046000.0,28710000.0,28710000.0,60532000.0,CTS,1651000.0,,,,,,17686000.0,289000.0,154000.0,,-9333000.0,,11024000.0,11024000.0,-14738000.0,,,,,,,135000.0,,,,,,,,,,,,,,,small_cap
2022-12-31,106864000.0,-21447000.0,-722942000.0,756580000.0,,-14333000.0,2016000.0,20080000.0,156910000.0,141465000.0,14345000.0,4336000.0,4336000.0,-2724000.0,-5131000.0,-5131000.0,-21447000.0,-21447000.0,,33638000.0,,33638000.0,-722942000.0,756580000.0,-111188000.0,-111188000.0,,,,,-96855000.0,-96855000.0,,,121197000.0,121197000.0,21609000.0,33497000.0,-1431000.0,6891000.0,-3224000.0,-2293000.0,-2293000.0,-8211000.0,-5913000.0,-5913000.0,4048000.0,7726000.0,492000.0,492000.0,29753000.0,29753000.0,59575000.0,CTS,1100000.0,,,,,0.0,18126000.0,-2006000.0,-214000.0,,-931000.0,,11627000.0,11627000.0,-14333000.0,,,,,,,-1792000.0,,,,,,,,,,-214000.0,,,,,small_cap
2021-12-31,,,,,,,,,,,,,,,,,,,,,,,,,,,,,,,,,,,,,,,,,,,,,,,,,,,,,,CTS,,,,,,0.0,,,,,,,,,,,,,,,,,,,,0.0,,,,,,-35000.0,,,,,small_cap
