ticker,year,price_open,price_close,price_high,price_low,price_avg,volume_total,volume_avg,trading_days,annual_return,cap_group
AAPL,2010,6.395003586660348,9.664864540100098,9.787714572433865,5.7004604404886186,7.785661349220882,151024927200.0,599305266.6666666,252,0.5113149522324762,large_cap
AAPL,2011,9.757153932056454,12.135018348693848,12.785216612223188,9.303518008329084,10.90666391357543,124059339600.0,492298966.6666667,252,0.24370471483749823,large_cap
AAPL,2012,12.266855189830054,16.087013244628906,21.216721771720497,12.254869713304085,17.30206266784668,131964204400.0,527856817.6,250,0.31142114223097606,large_cap
AAPL,2013,16.741479468863204,17.385164260864258,17.822718790081606,11.70906969027081,14.481553686989677,102421569600.0,406434800.0,252,0.03844850111354958,large_cap
AAPL,2014,17.21968436386492,24.44744300842285,26.522757824070702,15.294367992485544,20.26739236286708,63657952400.0,252610922.2222222,252,0.4197381608065478,large_cap
AAPL,2015,24.67115267325441,23.710681915283203,29.916117823343757,20.63541912283421,26.819586958203995,52264199600.0,207397617.46031746,252,-0.03893092352399241,large_cap
AAPL,2016,23.113733168601307,26.669870376586914,27.19113821057531,20.38657942691291,23.855402923765638,38729911200.0,153690123.80952382,252,0.1538538660996751,large_cap
AAPL,2017,26.665257396216138,39.595237731933594,41.46000256744993,26.425776468979528,34.98139664851337,27243106000.0,108538270.91633466,251,0.48489988840506193,large_cap
AAPL,2018,39.812842847577855,37.460975646972656,55.25297609687015,34.81302014550831,44.597007888246814,34156144800.0,136080258.16733068,251,-0.05907307874519896,large_cap
AAPL,2019,36.784145853458895,70.78545379638672,70.86259672343512,33.72295119720163,49.90212607005286,28254942800.0,112122788.8888889,252,0.9243468117591374,large_cap
AAPL,2020,71.40977771923563,129.04666137695312,134.97915839822994,51.372084613414366,92.43411297100806,39863855600.0,157564646.64031622,253,0.8071287364082056,large_cap
AAPL,2021,129.85383848203446,173.75897216796875,178.22108688608395,113.18805136504277,137.59437349107532,22812206100.0,90524627.38095239,252,0.33811194339094297,large_cap
AAPL,2022,174.01340208653673,127.87931060791016,179.01371442958575,123.88338225804115,151.94531286475194,22065504500.0,87910376.4940239,251,-0.26511803645838794,large_cap
AAPL,2023,128.2237854341601,190.5504608154297,197.567574144968,122.21021915687207,170.35141693115236,14805886900.0,59223547.6,250,0.4860773308964026,large_cap
AAPL,2024,185.22577720716953,250.8297882080078,258.6868812844183,162.60021611822233,205.4737274048338,14351427800.0,57177003.187250994,251,0.3541840233579485,large_cap
AEIS,2010,15.001317874613893,13.373723983764648,18.168260159894693,10.71662797332101,13.95146502010406,143792100.0,570603.5714285715,252,-0.10849672705113156,small_cap
AEIS,2011,13.609035674611425,10.520528793334961,16.668129042845308,7.412414175717312,12.192401687304178,137107800.0,544078.5714285715,252,-0.2269453145044128,small_cap
AEIS,2012,10.883309750112124,13.54040241241455,14.2463488327316,10.098925995688484,12.271037174224853,81483000.0,325932.0,250,0.24414380581927775,small_cap
AEIS,2013,13.726692283381052,22.41373062133789,26.03169570383793,13.216845621897779,18.631691902402846,97172300.0,385604.3650793651,252,0.6328573671367472,small_cap
AEIS,2014,22.286264929067492,23.237327575683594,28.580936235126114,15.68765037647192,20.866053709908137,118794200.0,471405.55555555556,252,0.042674833564221526,small_cap
AEIS,2015,23.36479504546985,27.678897857666016,29.453564396311652,20.7076978500597,26.205691269465856,79653600.0,316085.71428571426,252,0.18464115793870906,small_cap
AEIS,2016,26.992566834353394,53.68117904663086,56.17159022178759,23.776593633190732,38.99038743215894,80609600.0,319879.3650793651,252,0.9887393213123739,small_cap
AEIS,2017,53.96552195363523,66.16268920898438,93.14541671697798,52.739924182560095,70.61833466001715,106693000.0,425071.71314741037,251,0.2260177760502049,small_cap
AEIS,2018,66.7215268199409,42.0919303894043,76.46750428185516,37.98372933563878,57.482466207557465,105391400.0,419886.0557768924,251,-0.3691401801551043,small_cap
AEIS,2019,41.25852298100333,69.81005096435547,70.84935465781207,39.96429458735378,53.60892781757173,73641600.0,292228.5714285714,252,0.6920152715233681,small_cap
AEIS,2020,70.59441790443981,95.07698059082031,102.39133835210843,32.728363110651195,68.23073893008025,71959300.0,284424.11067193677,253,0.34680592903990437,small_cap
AEIS,2021,97.04773569032281,89.66571807861328,123.09903863188694,80.1904561495858,97.3403399331229,63921100.0,253655.15873015873,252,-0.0760658407864907,small_cap
AEIS,2022,89.83312230838915,84.85484313964844,96.8032640341225,66.67746906638614,82.35734804313022,48311900.0,192477.68924302788,251,-0.05541696693621223,small_cap
AEIS,2023,85.75503785822372,108.18392944335938,125.27983588866265,81.22131387872516,98.85615936279297,54397000.0,217588.0,250,0.26154605193244373,small_cap
AEIS,2024,106.71392870286508,114.67244720458984,124.09307748193788,88.60432345513654,104.93942804830483,53437100.0,212896.812749004,251,0.0745780667853071,small_cap
AMD,2010,9.789999961853027,8.180000305175781,10.239999771118164,5.53000020980835,7.931388904177953,6512252400.0,25842271.42857143,252,-0.16445348957616435,large_cap
AMD,2011,8.4399995803833,5.400000095367432,9.579999923706055,4.309999942779541,7.139404751005626,5528459600.0,21938331.746031746,252,-0.36018953035040413,large_cap
AMD,2012,5.53000020980835,2.4000000953674316,8.350000381469727,1.809999942779541,5.071080005645752,5179689700.0,20718758.8,250,-0.5660036158568957,large_cap
AMD,2013,2.549999952316284,3.869999885559082,4.650000095367432,2.259999990463257,3.3785714393570307,6327252500.0,25108144.84126984,252,0.5176470423239734,large_cap
AMD,2014,3.8499999046325684,2.6700000762939453,4.800000190734863,2.3499999046325684,3.662063511591109,5977754800.0,23721249.206349205,252,-0.30649346949821243,large_cap
AMD,2015,2.6700000762939453,2.869999885559082,3.369999885559082,1.6100000143051147,2.331746020014324,3435937500.0,13634672.61904762,252,0.07490629346450928,large_cap
AMD,2016,2.7699999809265137,11.34000015258789,12.420000076293945,1.75,5.254920634485426,7738568600.0,30708605.555555556,252,3.093862899159613,large_cap
AMD,2017,11.420000076293945,10.279999732971191,15.649999618530273,9.420000076293945,12.411673283671952,16355523900.0,65161449.800796814,251,-0.09982489804787376,large_cap
AMD,2018,10.420000076293945,18.459999084472656,34.13999938964844,9.039999961853027,17.214501962243798,21237360800.0,84610999.20318726,251,0.7715929893772397,large_cap
AMD,2019,18.010000228881836,45.86000061035156,47.310001373291016,16.940000534057617,29.941071457333035,16707875700.0,66301094.047619045,252,1.546363133122448,large_cap
AMD,2020,46.86000061035156,91.70999908447266,97.9800033569336,36.75,65.61972329362108,15577980100.0,61573043.87351779,253,0.9571062289788692,large_cap
AMD,2021,92.11000061035156,143.89999389648438,164.4600067138672,72.5,101.14587302435012,12915228400.0,51250906.34920635,252,0.5622624355982526,large_cap
AMD,2022,145.13999938964844,64.7699966430664,152.4199981689453,54.56999969482422,90.88764930816285,22945447900.0,91416127.09163347,251,-0.5537412366305557,large_cap
AMD,2023,66.0,147.41000366210938,151.0500030517578,60.04999923706055,103.02935989379883,15400865000.0,61603460.0,250,1.233484903971354,large_cap
AMD,2024,144.27999877929688,122.44000244140625,227.3000030517578,117.9000015258789,157.81139449769282,13379519100.0,53304856.97211155,251,-0.15137230747623565,large_cap
BELFB,2010,17.645966304582796,19.538047790527344,20.86239436326595,13.201151206336718,17.097290742964972,7233100.0,28702.777777777777,252,0.10722458908091426,small_cap
BELFB,2011,19.717899035357615,15.540881156921387,21.948134379467195,11.063040768242018,16.13001114603073,7328100.0,29079.761904761905,252,-0.21183889170677417,small_cap
BELFB,2012,15.955305131318976,16.460718154907227,17.470627469327205,11.956126588805311,14.91384453201294,7521800.0,30087.2,250,0.03167680087773217,small_cap
BELFB,2013,16.906970366336157,18.252809524536133,19.726050726432717,11.35846006275746,14.725419551607162,7141300.0,28338.492063492064,252,0.0796026212289167,small_cap
BELFB,2014,18.295636796860656,23.70882225036621,25.373813585226202,15.296276059614106,20.307153679075697,9757600.0,38720.63492063492,252,0.2958730277392916,small_cap
BELFB,2015,23.76952891964529,15.194148063659668,23.873591795764177,14.201122635886533,17.86618938143291,11570000.0,45912.69841269841,252,-0.36077201550671667,small_cap
BELFB,2016,15.071114597065852,27.590776443481445,30.001620267187377,11.748777599520242,18.00405764958215,10599900.0,42063.09523809524,252,0.8307057693565016,small_cap
BELFB,2017,27.724706401558272,22.712804794311523,30.172493083568263,19.37357072266719,24.17688279322894,7954200.0,31690.03984063745,251,-0.18077383885172738,small_cap
BELFB,2018,22.911245535996468,16.831375122070312,26.4187106642584,15.150060126379126,20.057964389542658,5660400.0,22551.394422310757,251,-0.26536621085806567,small_cap
BELFB,2019,16.867925159911255,19.035202026367188,25.471365191830976,8.341869881808021,17.103470469278,10743500.0,42632.93650793651,252,0.1284850890616196,small_cap
BELFB,2020,19.239482623130872,14.306615829467773,20.029411500552808,5.9154558410488605,11.399581618930982,11378600.0,44974.703557312256,253,-0.25639290256862246,small_cap
BELFB,2021,14.668326617190901,12.542869567871094,21.986815233946178,10.204341953461588,14.470604885192145,24767900.0,98285.31746031746,252,-0.14490112640584552,small_cap
BELFB,2022,12.639873931126054,32.45278549194336,37.943743425487554,11.290026202268894,21.44644095508226,18537200.0,73853.38645418327,251,1.56749281430944,small_cap
BELFB,2023,32.79783022980728,66.26494598388672,69.04376492048658,29.802783352376252,46.31291765594482,33453500.0,133814.0,250,1.0204063963860603,small_cap
BELFB,2024,65.50077316884892,81.64045715332031,92.29397456525051,45.455977558872895,68.1599303013775,22229100.0,88562.15139442231,251,0.24640448049164632,small_cap
BRKR,2010,11.666787180157874,15.939807891845703,16.9480493641496,10.101613660657026,13.356524092810494,198456900.0,787527.380952381,252,0.36625513482881655,mid_cap
BRKR,2011,16.026232361023855,11.926047325134277,20.78896378506714,11.023430928620714,15.905628147579375,190991400.0,757902.380952381,252,-0.25584210583775857,mid_cap
BRKR,2012,12.127699789898159,14.633894920349121,16.419923216596622,9.515873023395697,13.46164805984497,153461200.0,613844.8,250,0.20665049216822728,mid_cap
BRKR,2013,15.037193172733003,18.983732223510742,20.48169301448356,14.797136492173625,17.651950143632433,202713200.0,804417.4603174604,252,0.26245184227160245,mid_cap
BRKR,2014,18.88771017856077,18.83970069885254,23.938519018649608,16.57355939625599,20.184784238300626,198570000.0,787976.1904761905,252,-0.002541836953995902,mid_cap
BRKR,2015,18.906917374470332,23.304767608642578,24.226587591003454,15.152412571303488,19.05430407372732,202071400.0,801870.6349206349,252,0.2326053553346874,mid_cap
BRKR,2016,22.93987695343313,20.4713191986084,28.70507290243526,18.901125643854616,23.20553057534354,271187000.0,1076138.888888889,252,-0.10760989519846986,mid_cap
BRKR,2017,20.49064490950229,33.359283447265625,35.46703675514579,20.49064490950229,26.865842310080964,155207700.0,618357.3705179283,251,0.6280250619049896,mid_cap
BRKR,2018,33.53422839847585,29.081708908081055,35.4685428415854,25.496560287408492,31.003996130954697,162269100.0,646490.438247012,251,-0.13277536723037175,mid_cap
BRKR,2019,28.710491259511322,49.9761962890625,51.17168838580878,27.37216840693503,41.83504622323172,179802000.0,713500.0,252,0.7406945717972064,mid_cap
BRKR,2020,50.72138159160282,53.263023376464844,54.97514924139636,30.206711095096193,43.05751974686332,168286100.0,665162.4505928854,253,0.05010986895677938,mid_cap
BRKR,2021,53.58774026674553,82.74405670166016,91.0233406915125,52.210165625136135,72.37739246610612,177823300.0,705648.0158730159,252,0.5440855742336257,mid_cap
BRKR,2022,82.52710355965357,67.61162567138672,82.52710355965357,47.86015504654371,62.42979463068138,185772200.0,740128.2868525897,251,-0.18073429509719074,mid_cap
BRKR,2023,68.41287657506852,72.90122985839844,83.98403136493538,53.32536362238854,69.23605960083007,204162600.0,816650.4,250,0.06560684929546712,mid_cap
BRKR,2024,72.12738078863508,58.21040344238281,94.16727652347947,47.79076803829388,69.28593111988083,283343100.0,1128856.972111554,251,-0.1929499892285722,mid_cap
CIEN,2010,10.920000076293945,21.049999237060547,21.690000534057617,10.800000190734863,14.894285720492165,1596728500.0,6336224.206349206,252,0.9276555943216205,mid_cap
CIEN,2011,21.209999084472656,12.100000381469727,29.239999771118164,9.890000343322754,18.790277711928837,1612384400.0,6398350.793650794,252,-0.4295143373991066,mid_cap
CIEN,2012,12.430000305175781,15.699999809265137,18.389999389648438,11.449999809265137,14.808400009155273,1253688900.0,5014755.6,250,0.26307316362073996,mid_cap
CIEN,2013,16.040000915527344,23.93000030517578,27.940000534057617,14.140000343322754,19.771587349119642,914557200.0,3629195.238095238,252,0.49189519571726525,mid_cap
CIEN,2014,23.93000030517578,19.40999984741211,27.15999984741211,13.770000457763672,20.047976183512855,896163300.0,3556203.5714285714,252,-0.1888842624371404,mid_cap
CIEN,2015,19.530000686645508,20.690000534057617,26.5,17.860000610351562,22.27000001120189,746788200.0,2963445.238095238,252,0.059395791430018274,mid_cap
CIEN,2016,20.190000534057617,24.40999984741211,25.190000534057617,15.619999885559082,19.827261894468275,789768800.0,3134003.1746031744,252,0.20901432400836062,mid_cap
CIEN,2017,24.469999313354492,20.93000030517578,27.979999542236328,19.399999618530273,23.398884465494955,786342700.0,3132839.442231076,251,-0.144666902636436,mid_cap
CIEN,2018,21.059999465942383,33.90999984741211,36.54999923706055,20.709999084472656,27.182191248434,776790000.0,3094780.876494024,251,0.6101614770812493,mid_cap
CIEN,2019,33.2400016784668,42.689998626708984,46.779998779296875,32.7599983215332,39.3432937198215,708521700.0,2811594.0476190476,252,0.2842959227154309,mid_cap
CIEN,2020,43.25,52.849998474121094,61.52000045776367,30.579999923706055,46.98450599640255,529668700.0,2093552.1739130435,253,0.22196528263863802,mid_cap
CIEN,2021,52.939998626708984,76.97000122070312,78.27999877929688,47.52000045776367,56.58416670844669,327345700.0,1298990.873015873,252,0.45391014766424,mid_cap
CIEN,2022,76.7699966430664,50.97999954223633,77.37999725341797,38.33000183105469,52.57199190907269,422530100.0,1683386.8525896415,251,-0.33593849457539793,mid_cap
CIEN,2023,51.5,45.0099983215332,54.25,39.939998626708984,45.89080006408692,424425800.0,1697703.2,250,-0.1260194500673164,mid_cap
CIEN,2024,44.529998779296875,85.01000213623047,91.81999969482422,43.29999923706055,56.127529980176945,465637600.0,1855129.8804780876,251,0.9090501789044236,mid_cap
CMTL,2010,23.338621725414527,18.490877151489258,25.360019689180582,13.337292731084977,19.500859665492225,94938200.0,376738.8888888889,252,-0.20771340445722764,small_cap
CMTL,2011,18.504194858161238,19.74973487854004,24.600909540331042,15.943045332355238,19.321499756404332,89538200.0,355310.31746031746,252,0.06731122482908014,small_cap
CMTL,2012,20.06027011533323,18.39594268798828,24.301318125954552,16.008480438138758,20.414333000183106,37813200.0,151252.8,250,-0.08296635178769629,small_cap
CMTL,2013,18.685873746700754,23.577943801879883,25.179232899743074,16.61057649152782,19.80639848254976,25207900.0,100031.3492063492,252,0.2618057962659033,small_cap
CMTL,2014,23.57044624302745,24.441312789916992,31.55192377267238,22.1066938886572,26.41017156177097,33288000.0,132095.2380952381,252,0.036947393269957995,small_cap
CMTL,2015,24.596389595437337,16.240907669067383,28.386981484872972,15.416334518450146,22.274711786754548,28593200.0,113465.07936507936,252,-0.33970359324280286,small_cap
CMTL,2016,16.151992097500095,10.37439250946045,20.754948586556075,8.334531784057617,13.749869077924698,68428000.0,271539.68253968254,252,-0.357701982093829,small_cap
CMTL,2017,10.531977056079482,19.883329391479492,21.483341459859208,9.283190393306363,15.208992125978508,61014200.0,243084.46215139443,251,0.8879009406882474,small_cap
CMTL,2018,19.964223872040424,22.181922912597656,33.559195088696654,18.61971244815696,26.719082372597015,42208500.0,168161.3545816733,251,0.11108365918812813,small_cap
CMTL,2019,21.70803483357257,32.83451843261719,35.156716027407654,19.169509632120025,25.771740936097643,40809800.0,161943.6507936508,252,0.5125513978739775,small_cap
CMTL,2020,33.08432195468083,19.548492431640625,34.63979862270772,10.649836124453994,18.28737859009754,76726100.0,303265.2173913043,253,-0.4091312356826201,small_cap
CMTL,2021,19.926421451031484,22.777433395385742,28.85356654863529,18.98159350855343,23.74108904883975,50862400.0,201834.92063492062,252,0.14307696699884254,small_cap
CMTL,2022,22.96011104206095,12.049941062927246,23.39277719990056,8.186471409460287,13.248621427680392,38104100.0,151809.16334661355,251,-0.4751793211778118,small_cap
CMTL,2023,12.268308354287788,8.430000305175781,16.8700008392334,7.260000228881836,11.189578384399415,59822000.0,239288.0,250,-0.31286367592566366,small_cap
CMTL,2024,8.390000343322754,4.260000228881836,8.670000076293945,1.5299999713897705,3.849282874054168,236307600.0,941464.5418326693,251,-0.4922526752609504,small_cap
COHU,2010,11.712816251712134,13.935697555541992,14.582893860977677,9.341679304568013,11.575498823135618,22547000.0,89472.22222222222,252,0.18978196669865177,small_cap
COHU,2011,14.061778294344675,9.733710289001465,14.440009683100271,7.709788558492922,10.83239646185012,20009300.0,79401.98412698413,252,-0.307789520979993,small_cap
COHU,2012,10.085326718193329,9.532596588134766,12.143554725062783,6.999952494100161,8.836740978240966,14230900.0,56923.6,250,-0.05480537671243424,small_cap
COHU,2013,9.945911800221731,9.454087257385254,11.915857207444192,7.634678500198184,9.359680722630213,13161300.0,52227.380952380954,252,-0.04944991999883941,small_cap
COHU,2014,9.382058600613345,10.94675064086914,11.913434830775577,8.33760587636659,10.014832019805908,20891000.0,82900.79365079365,252,0.16677491655759913,small_cap
COHU,2015,11.029541334953338,11.344184875488281,12.801946368042056,8.540468611888198,10.680178941242279,33785700.0,134070.2380952381,252,0.02852734587773087,small_cap
COHU,2016,11.212604115505453,13.335588455200195,13.844067854706259,9.502062163770471,10.99584586658175,20417500.0,81021.8253968254,252,0.18933909712900276,small_cap
COHU,2017,13.575436769229137,21.330244064331055,25.368636774303624,12.12675117930565,18.432735804067665,61886500.0,246559.7609561753,251,0.5712381433413183,small_cap
COHU,2018,21.544033566404767,15.792339324951172,27.19199954967893,13.836723612356916,21.9377083037479,79759600.0,317767.33067729085,251,-0.26697388043540027,small_cap
COHU,2019,15.458213636142837,22.78687858581543,22.966381650628353,11.304928122424032,15.929628073223054,82115000.0,325853.1746031746,252,0.4740952041533084,small_cap
COHU,2020,23.11596742967935,38.18000030517578,41.0,8.890000343322754,20.152320548950918,78458800.0,310113.83399209485,253,0.6516721794717197,small_cap
COHU,2021,38.5099983215332,38.09000015258789,51.86000061035156,29.0,37.93170646637205,145053800.0,575610.3174603175,252,-0.010906211042613023,small_cap
COHU,2022,38.5,32.04999923706055,39.86000061035156,24.059999465942383,29.91641430645825,82526700.0,328791.6334661355,251,-0.16753248734907666,small_cap
COHU,2023,32.349998474121094,35.38999938964844,43.9900016784668,29.06999969482422,35.9797600479126,62093400.0,248373.6,250,0.09397221202218109,small_cap
COHU,2024,35.0,26.420000076293945,36.599998474121094,22.799999237060547,29.411115547575324,77742400.0,309730.67729083664,251,-0.24514285496303012,small_cap
CRM,2010,18.428585861936146,32.60385513305664,37.36105268596165,14.89403293053673,23.921500508747403,2659092800.0,10551955.555555556,252,0.7692000556808438,large_cap
CRM,2011,32.88296478446083,25.06050682067871,39.54946378627528,23.240128916896683,32.53804742722284,2880939600.0,11432300.0,252,-0.23788785515710864,large_cap
CRM,2012,25.732343898199407,41.5205192565918,42.66906121863699,23.50441757794325,35.29877112579346,2345988400.0,9383953.6,250,0.6135537213730908,large_cap
CRM,2013,42.427001810878224,54.52747344970703,57.669299642162215,35.6567633551617,45.392703192574636,1468396900.0,5826971.825396826,252,0.28520685229580045,large_cap
CRM,2014,54.53735755661118,58.5980224609375,66.19570926367167,47.60163083063477,56.566315756903755,1385005200.0,5496052.380952381,252,0.07445657593716848,large_cap
CRM,2015,59.180938955865415,77.45886993408203,81.90483093136626,54.290356614392394,69.80725989266047,1046573200.0,4153068.253968254,252,0.3088482761628284,large_cap
CRM,2016,76.21396951572683,67.63818359375,83.46587378022372,51.968566826300666,73.65899235861642,1450336300.0,5755302.777777778,252,-0.11252249392688052,large_cap
CRM,2017,68.45821984760741,101.00279998779297,107.87923703588874,68.17170020308639,89.17597125535943,1106801900.0,4409569.322709164,251,0.4753933159908623,large_cap
CRM,2018,101.64499176364563,135.3257598876953,159.25501497583008,101.04231380223129,130.62254494594862,1461967800.0,5824572.908366534,251,0.3313568877290809,large_cap
CRM,2019,131.79859119683093,160.68759155273438,165.54854154453596,128.53822338936618,153.242861732604,1423022700.0,5646915.476190476,252,0.21919050950066654,large_cap
CRM,2020,161.95222850972505,219.85867309570312,281.08471145342816,113.90602566129822,198.45403009346822,1903444600.0,7523496.442687747,253,0.3575526259739048,large_cap
CRM,2021,219.9673299157451,251.07931518554688,308.0076153287303,199.09099231089826,244.39584150768462,1552919700.0,6162379.761904762,252,0.14143911862601932,large_cap
CRM,2022,251.9487614857319,130.9983367919922,253.78643428285696,124.82334414640867,174.54575730889917,1926935300.0,7677033.067729084,251,-0.48005961204373393,large_cap
CRM,2023,133.56713016183372,259.981201171875,265.13850030739303,131.43305600637208,201.54635919189454,1616308800.0,6465235.2,250,0.9464459620931769,large_cap
CRM,2024,257.4123772428552,333.5623779296875,366.1888093805696,209.72865139555876,279.9058971632999,1604174400.0,6391133.067729084,251,0.2958288233941009,large_cap
CSCO,2010,15.600411524342675,13.089849472045898,17.94921179324964,12.29397528868277,15.015930978078691,15114934800.0,59979900.0,252,-0.16092921961573448,large_cap
CSCO,2011,13.232205735919143,11.830977439880371,14.455127933077726,8.668721167737901,11.297078912220304,17214296600.0,68310700.79365079,252,-0.10589529244055684,large_cap
CSCO,2012,12.178945448333153,13.204024314880371,13.984448847378017,9.905316993325622,12.294597625732422,10438430700.0,41753722.8,250,0.08416811380721922,large_cap
CSCO,2013,13.519844187601429,15.412601470947266,18.070337096246345,13.445928131415476,15.391949646056645,9856793100.0,39114258.333333336,252,0.13999845390833854,large_cap
CSCO,2014,15.350290383365229,19.72441291809082,20.270348357029995,14.727135202676324,17.00890230754065,8274876800.0,32836812.698412698,252,0.28495373217602005,large_cap
CSCO,2015,19.888609440446018,19.846616744995117,21.637607286176273,16.694079219216615,20.115029017130535,6827729500.0,27094164.682539683,252,-0.00211139424184692,large_cap
CSCO,2016,19.434222908631966,22.850139617919922,24.112870866110807,16.54007464190522,21.503535921611483,6253307800.0,24814713.492063493,252,0.1757681140814089,large_cap
CSCO,2017,22.9635604989562,29.994985580444336,30.535376789437947,22.726039272356193,25.620194750478067,5072447400.0,20208953.78486056,251,0.3061992534566993,large_cap
CSCO,2018,30.284759192761634,34.96562576293945,39.65406725262859,29.469158954401045,35.30101893147624,6202972900.0,24713039.442231074,251,0.15456178932723996,large_cap
CSCO,2019,34.11832702827293,39.79529571533203,47.978435759682014,33.309056448450654,41.518492986285494,5172391400.0,20525362.698412698,252,0.16639059360544706,large_cap
CSCO,2020,40.1714364951395,38.40784454345703,42.02703916119165,27.08186160295308,36.497620661739305,6332276400.0,25028760.4743083,253,-0.043901640208854786,large_cap
CSCO,2021,38.33863188542778,55.98379135131836,56.79656948678768,37.50800230701382,46.61140740106976,4860464800.0,19287558.73015873,252,0.4602448913310693,large_cap
CSCO,2022,55.568581233954916,43.408294677734375,55.96612799654346,35.17128638605876,43.61553505217412,5342726200.0,21285761.752988048,251,-0.21883384974367592,large_cap
CSCO,2023,43.608756195327445,47.44350051879883,54.254581083113436,41.945768017039015,47.174018814086914,4643333100.0,18573332.4,250,0.08793519141649497,large_cap
CSCO,2024,47.415322193224014,57.394859313964844,58.40331809929167,42.82310948844281,48.66149159161693,4826580400.0,19229403.984063745,251,0.21047072252452126,large_cap
CTS,2010,8.732303830613688,9.932554244995117,10.539389700020637,6.043391512148396,8.615972891686456,45694700.0,181328.17460317462,252,0.13744945637067674,small_cap
CTS,2011,10.040317743869561,8.371552467346191,11.12697323656642,6.473656535576261,8.936741418308682,33898900.0,134519.44444444444,252,-0.16620642086175896,small_cap
CTS,2012,8.690030808097656,9.810147285461426,10.244333224918178,7.082074566780043,8.816383338928222,19939100.0,79756.4,250,0.1288967210933254,small_cap
CTS,2013,10.123927390802418,18.56357192993164,18.7407235425753,8.610410166629832,12.563669609645057,24083200.0,95568.25396825396,252,0.8336334520530673,small_cap
CTS,2014,18.563575493110996,16.77065086364746,20.224777568719272,14.62206192549802,17.17465935813056,21228700.0,84240.87301587302,252,-0.09658293630604164,small_cap
CTS,2015,16.770640156813208,16.736614227294922,19.170598248888567,14.390957941494426,17.199805252135747,22996200.0,91254.76190476191,252,-0.002028898670541346,small_cap
CTS,2016,16.442488621508936,21.43848419189453,23.695826882316396,12.210894780594526,17.067646423975628,20780900.0,82463.88888888889,252,0.3038466795014336,small_cap
CTS,2017,21.72560881836592,24.814983367919922,27.279178139455325,18.505658814392326,22.082214112300797,18886600.0,75245.41832669322,251,0.142199676675683,small_cap
CTS,2018,24.959534799284327,25.08224105834961,37.873478545205394,23.2820843167633,29.733162268224465,34230900.0,136378.08764940238,251,0.004916207775987891,small_cap
CTS,2019,24.56878390809078,29.2279052734375,33.351233252723524,24.2103277768676,28.374011244092667,35082200.0,139215.07936507938,252,0.18963581521885664,small_cap
CTS,2020,29.403212769230134,33.66527557373047,34.665515699406164,17.483153362722163,24.20109220361521,39621800.0,156607.90513833993,253,0.14495228252609516,small_cap
CTS,2021,34.13597184962146,36.176143646240234,38.77145049670532,28.263331205947253,33.561513219560894,37738600.0,149756.3492063492,252,0.05976603817246806,small_cap
CTS,2022,36.353472537535374,38.99748229980469,44.690589536851355,30.609825924557367,37.653691219618594,36522100.0,145506.37450199205,251,0.07273059704377194,small_cap
CTS,2023,39.44265534473681,43.43458938598633,49.10271886027393,35.21996909901459,42.599999435424806,45805400.0,183221.6,250,0.10120855217173408,small_cap
CTS,2024,43.047306567056964,52.522090911865234,59.411904485876406,39.8100749926067,48.313779701749645,37714200.0,150255.77689243027,251,0.22010167651369583,small_cap
CTSH,2010,20.12876685405755,32.32333755493164,32.98489416156104,18.558691585276822,24.889254887898762,1651671600.0,6554252.380952381,252,0.6058280067174564,mid_cap
CTSH,2011,32.698217227478224,28.36285972595215,36.817476775471256,23.612946360521672,31.522398714035276,1452957000.0,5765702.380952381,252,-0.13258696862172725,mid_cap
CTSH,2012,29.390468281503587,32.58355712890625,34.40061188904233,23.780527207208813,29.624928253173827,1317118000.0,5268472.0,250,0.10864368736214325,mid_cap
CTSH,2013,33.28038504097222,44.53556823730469,44.6017205762826,26.86776369022494,34.08181167784191,1307541000.0,5188654.761904762,252,0.3381926976648846,mid_cap
CTSH,2014,44.21360997119602,46.44965362548828,48.41667085128746,36.61459859994928,43.14995039077032,1092070100.0,4333611.507936508,252,0.05057365041553896,mid_cap
CTSH,2015,46.65252521644949,52.941673278808594,61.56827680278041,44.729618747847944,54.9338768398951,883334500.0,3505295.634920635,252,0.13480830958624246,mid_cap
CTSH,2016,51.87435331162619,49.422218322753906,55.94951318037789,40.08112348073504,50.49623843601772,1283297700.0,5092451.19047619,252,-0.04727066136403679,mid_cap
CTSH,2017,49.96908551959736,63.04998779296875,67.78872472882246,45.44409367040599,58.47711617823141,995453000.0,3965948.207171315,251,0.26177990125997397,mid_cap
CTSH,2018,63.17427423692188,56.95729064941406,75.73566301630842,53.359335179189344,68.11820312135248,893666400.0,3560423.90438247,251,-0.0984100516009464,mid_cap
CTSH,2019,56.07799964507414,56.34669876098633,67.34303613615221,51.04037370344125,58.74845615265861,980377600.0,3890387.301587302,252,0.004791524619508936,mid_cap
CTSH,2020,56.59200456626444,75.46326446533203,76.18150318246364,36.465318404243654,58.29648709202944,901182100.0,3561984.5849802373,253,0.33346159132728626,mid_cap
CTSH,2021,75.50928851427385,82.73729705810547,84.00557712864864,61.351007129730675,70.88205540369428,782091200.0,3103536.507936508,252,0.09572343596463995,mid_cap
CTSH,2022,82.69999232726678,54.15886306762695,87.4309925804777,48.38854557113872,67.59863784303703,854317300.0,3403654.581673307,251,-0.345116468048687,mid_cap
CTSH,2023,54.58501554288583,72.77843475341797,74.05035254265472,53.69001941010095,62.75671672058105,938963800.0,3755855.2,250,0.3333042782819786,mid_cap
CTSH,2024,72.53755234155875,75.14627838134766,80.73694976176671,61.96772488087466,72.09708875678925,932409200.0,3714777.689243028,251,0.03596380020523937,mid_cap
DGII,2010,9.25,11.100000381469727,12.319999694824219,7.289999961853027,9.644007940140982,22710900.0,90122.61904761905,252,0.2000000412399705,small_cap
DGII,2011,11.239999771118164,11.15999984741211,15.390000343322754,9.289999961853027,11.802301569590492,30345900.0,120420.23809523809,252,-0.007117431079635694,small_cap
DGII,2012,11.380000114440918,9.470000267028809,12.579999923706055,8.119999885559082,10.165640014648437,24936400.0,99745.6,250,-0.16783829773326364,small_cap
DGII,2013,9.630000114440918,12.119999885559082,12.5,8.510000228881836,9.929484132736448,18090900.0,71789.28571428571,252,0.2585669513528064,small_cap
DGII,2014,12.100000381469727,9.289999961853027,12.75,6.900000095367432,8.966071424030122,20830400.0,82660.31746031746,252,-0.23223143231631715,small_cap
DGII,2015,9.289999961853027,11.380000114440918,13.529999732971191,8.229999542236328,10.519285682647947,23005100.0,91290.07936507936,252,0.224973106692135,small_cap
DGII,2016,11.229999542236328,13.75,14.149999618530273,7.699999809265137,10.779642850633651,28338700.0,112455.15873015873,252,0.22439898134331027,small_cap
DGII,2017,13.949999809265137,9.550000190734863,14.0,8.5,10.818167321710472,21782100.0,86781.2749003984,251,-0.31541216334697986,small_cap
DGII,2018,9.600000381469727,10.09000015258789,14.699999809265137,9.279999732971191,11.803067667075837,22542600.0,89811.15537848606,251,0.05104164079659612,small_cap
DGII,2019,9.989999771118164,17.719999313354492,18.989999771118164,9.949999809265137,13.437341292699179,38948300.0,154556.74603174604,252,0.7737737456795879,small_cap
DGII,2020,17.93000030517578,18.899999618530273,19.940000534057617,6.179999828338623,13.707509883307656,52181800.0,206252.1739130435,253,0.0540992357414789,small_cap
DGII,2021,19.059999465942383,24.56999969482422,25.6299991607666,16.329999923706055,20.787341291942294,44734200.0,177516.66666666666,252,0.28908711349795446,small_cap
DGII,2022,24.739999771118164,36.54999923706055,43.68000030517578,18.540000915527344,28.20828686292428,63967200.0,254849.40239043825,251,0.4773645745837698,small_cap
DGII,2023,36.790000915527344,26.0,42.95000076293945,21.25,31.922640007019044,70612600.0,282450.4,250,-0.29328623666800147,small_cap
DGII,2024,25.799999237060547,30.219999313354492,34.81999969482422,20.170000076293945,28.063864559766305,50423600.0,200890.83665338645,251,0.1713178374805846,small_cap
FFIV,2010,53.349998474121094,130.16000366210938,143.75,47.11000061035156,83.90539683992901,474251000.0,1881948.4126984128,252,1.439737720428373,mid_cap
FFIV,2011,132.88999938964844,106.12000274658203,145.75999450683594,69.01000213623047,102.18944434514121,743097000.0,2948797.619047619,252,-0.20144477963743357,mid_cap
FFIV,2012,108.4800033569336,97.1500015258789,139.4600067138672,81.06999969482422,108.20687994384765,438270500.0,1753082.0,250,-0.10444322898640945,mid_cap
FFIV,2013,100.02999877929688,90.86000061035156,107.98999786376953,67.52999877929688,85.95178552657839,431699100.0,1713091.6666666667,252,-0.09167248106418269,mid_cap
FFIV,2014,90.41999816894531,130.47000122070312,136.11000061035156,87.47000122070312,114.00888915289016,323304500.0,1282954.365079365,252,0.44293302214988284,mid_cap
FFIV,2015,131.72000122070312,96.95999908447266,135.1999969482422,94.51000213623047,117.77107135833256,275958800.0,1095074.603174603,252,-0.2638931203620962,mid_cap
FFIV,2016,95.5999984741211,144.72000122070312,148.33999633789062,86.02999877929688,115.20519831823924,227608900.0,903209.9206349206,252,0.5138075683116126,mid_cap
FFIV,2017,145.64999389648438,131.22000122070312,149.5,114.62999725341797,129.597729078802,195958000.0,780709.1633466135,251,-0.099073074359597,mid_cap
FFIV,2018,131.63999938964844,162.02999877929688,199.7100067138672,131.30999755859375,166.3475300458323,180288500.0,718280.876494024,251,0.2308568788404155,mid_cap
FFIV,2019,158.19000244140625,139.64999389648438,173.44000244140625,121.36000061035156,147.27246048336937,168342100.0,668024.2063492064,252,-0.1172008866476193,mid_cap
FFIV,2020,140.4199981689453,175.94000244140625,178.08999633789062,79.77999877929688,135.92304335281312,209472800.0,827955.7312252964,253,0.25295545318071655,mid_cap
FFIV,2021,176.0,244.7100067138672,249.0,173.41000366210938,202.9263096763974,137493800.0,545610.3174603175,252,0.39039776541969995,mid_cap
FFIV,2022,244.74000549316406,143.50999450683594,245.58999633789062,133.67999267578125,171.92733059461372,141866400.0,565204.780876494,251,-0.4136226555292597,mid_cap
FFIV,2023,144.2100067138672,178.97999572753906,180.6999969482422,127.05000305175781,151.57696026611328,133630600.0,534522.4,250,0.24110663195973903,mid_cap
FFIV,2024,178.14999389648438,252.47999572753906,264.5,159.00999450683594,198.11804788901037,133047300.0,530068.9243027888,251,0.4172326936718549,mid_cap
FLEX,2010,5.621703147888184,5.9155988693237305,6.314995765686035,3.66239595413208,5.103946097313412,2658445197.0,10549385.702380951,252,0.052278769209994636,mid_cap
FLEX,2011,6.013564109802246,4.265260219573975,6.405426025390625,3.8055760860443115,5.041536592301869,1939422858.0,7696122.452380952,252,-0.29072674013377464,mid_cap
FLEX,2012,4.355690002441406,4.679728984832764,5.644309997558594,4.122079849243164,4.874242698669433,1528402651.0,6113610.604,250,0.07439440874114789,mid_cap
FLEX,2013,4.732479095458984,5.855312824249268,7.317256927490234,4.566691875457764,5.776216788897439,1584798296.0,6288882.126984127,252,0.23726121259947885,mid_cap
FLEX,2014,5.817634105682373,8.425019264221191,8.914846420288086,5.584023952484131,7.53136926794809,1724212120.0,6842111.587301588,252,0.44818651554453304,mid_cap
FLEX,2015,8.455162048339844,8.447626113891602,9.691032409667969,7.196683883666992,8.63461562754616,1451771063.0,5760996.281746032,252,-0.0008912820836736168,mid_cap
FLEX,2016,8.327054023742676,10.828936576843262,11.371515274047852,6.6691789627075195,9.447883380783928,1426728444.0,5661620.80952381,252,0.3004523023349006,mid_cap
FLEX,2017,10.874152183532715,13.55689525604248,14.400903701782227,10.715901374816895,12.552052539658261,1141123004.0,4546306.788844622,251,0.24670825157039644,mid_cap
FLEX,2018,13.677468299865723,5.734739780426025,14.853052139282227,5.079125881195068,10.558519486887047,1907299234.0,7598801.729083666,251,-0.5807162806231965,mid_cap
FLEX,2019,5.516201972961426,9.510172843933105,9.698568344116211,5.516201972961426,7.7962882783677845,1911291519.0,7584490.154761905,252,0.7240436246803121,mid_cap
FLEX,2020,9.623209953308105,13.549359321594238,13.926149368286133,4.039186000823975,8.901024923965394,1601654516.0,6330650.260869565,253,0.40798749973614234,mid_cap
FLEX,2021,13.72268295288086,13.813112258911133,15.101733207702637,11.688017845153809,13.582253826989067,1333511866.0,5291713.753968254,252,0.006589768658270323,mid_cap
FLEX,2022,13.873398780822754,16.171815872192383,17.648832321166992,10.271288871765137,13.240241727031085,1399446516.0,5575484.12749004,251,0.16567080119881927,mid_cap
FLEX,2023,16.31499671936035,22.95403289794922,23.172569274902344,14.649585723876953,18.86272785949707,1404979038.0,5619916.152,250,0.40692844091783287,mid_cap
FLEX,2024,22.55463409423828,38.630001068115234,42.470001220703125,21.84000015258789,31.01344009034662,1083190058.0,4315498.239043824,251,0.7127301159801791,mid_cap
FORM,2010,21.84000015258789,8.880000114440918,22.100000381469727,6.889999866485596,12.535396812454103,175507100.0,696456.746031746,252,-0.5934065910073403,small_cap
FORM,2011,8.65999984741211,5.059999942779541,11.050000190734863,4.679999828338623,8.221904747069829,129589400.0,514243.65079365077,252,-0.41570438430300505,small_cap
FORM,2012,5.159999847412109,4.559999942779541,6.920000076293945,3.700000047683716,5.364199995994568,100528600.0,402114.4,250,-0.11627905472390387,small_cap
FORM,2013,4.690000057220459,6.010000228881836,7.75,4.300000190734863,5.7530952540654985,98756800.0,391892.0634920635,252,0.2814499265579282,small_cap
FORM,2014,5.96999979019165,8.600000381469727,9.079999923706055,5.28000020980835,7.14932538214184,71662800.0,284376.1904761905,252,0.4405361279239923,small_cap
FORM,2015,8.65999984741211,9.0,10.289999961853027,5.730000019073486,8.254166669315762,89281200.0,354290.4761904762,252,0.039260988288526866,small_cap
FORM,2016,8.869999885559082,11.199999809265137,12.050000190734863,6.150000095367432,8.971626970503065,93812200.0,372270.6349206349,252,0.2626831965916303,small_cap
FORM,2017,11.300000190734863,15.649999618530273,18.649999618530273,10.449999809265137,13.870478094336521,169118100.0,673777.2908366534,251,0.3849556950770743,small_cap
FORM,2018,15.75,14.09000015258789,17.149999618530273,11.100000381469727,13.929322732872222,177113900.0,705633.0677290837,251,-0.1053968157087054,small_cap
FORM,2019,13.8100004196167,25.969999313354492,26.299999237060547,12.869999885559082,17.811388874810838,93671400.0,371711.90476190473,252,0.8805212544718588,small_cap
FORM,2020,26.200000762939453,43.02000045776367,45.91999816894531,16.350000381469727,28.182490058567215,148310700.0,586208.300395257,253,0.6419847024820138,small_cap
FORM,2021,43.380001068115234,45.720001220703125,52.38999938964844,32.689998626708984,40.712341202629936,104128900.0,413209.92063492065,252,0.053941910902990164,small_cap
FORM,2022,46.0,22.229999542236328,47.47999954223633,18.149999618530273,33.94059764816467,117342400.0,467499.6015936255,251,-0.5167391403861668,small_cap
FORM,2023,22.649999618530273,41.709999084472656,42.380001068115234,21.709999084472656,32.20688001251221,114760400.0,459041.6,250,0.8415010943465595,small_cap
FORM,2024,40.790000915527344,45.279998779296875,63.630001068115234,37.209999084472656,46.71486063497475,155637800.0,620070.9163346613,251,0.11007594417729827,small_cap
IBM,2010,71.77344318583229,81.83419036865234,82.26352871059288,64.07853528598841,72.89907025534009,1693003193.0,6718266.638888889,252,0.14017367338461462,large_cap
IBM,2011,82.08511584075606,104.26646423339844,110.5152229853344,81.76729899970121,96.18103690374465,1512710671.0,6002820.123015873,252,0.2702237569558148,large_cap
IBM,2012,105.88256419306545,110.44416809082031,121.58207397661562,100.56378912563565,112.43348919677734,1067933049.0,4271732.196,250,0.043081728635106176,large_cap
IBM,2013,111.90873140275949,110.24800872802734,125.00791279940208,100.88964884959778,113.00500506446475,1119177839.0,4441181.900793651,252,-0.014839974092416441,large_cap
IBM,2014,110.03636732673358,96.59146881103516,117.73156231191246,90.60717262209204,108.44362604050409,1191995452.0,4730140.682539683,252,-0.122185953992612,large_cap
IBM,2015,97.11525348371529,85.55846405029297,106.88440120208388,81.8469093539326,95.00241331070188,1156439400.0,4589045.238095238,252,-0.11900076474969212,large_cap
IBM,2016,84.30262134965905,107.12846374511719,109.68420818596366,73.36069604062705,95.57231385367257,1065461565.0,4228022.083333333,252,0.2707607667475034,large_cap
IBM,2017,107.7803246765566,102.85636138916016,118.90385676676152,92.35292550011782,103.65129788463334,1120440154.0,4463904.996015936,251,-0.0456851777184103,large_cap
IBM,2018,103.58039977397554,79.65403747558594,114.72952757476254,74.23724755711659,98.48910157709008,1431514599.0,5703245.41434263,251,-0.23099314494440748,large_cap
IBM,2019,78.49081370592432,98.433349609375,109.71617812931149,78.26657710236016,98.3974659329369,990437937.0,3930309.273809524,252,0.2540747759115849,large_cap
IBM,2020,99.13831997496565,97.28892517089844,116.579346459068,67.19789285036637,93.68110071717514,1468958052.0,5806158.3083003955,253,-0.01865469179358925,large_cap
IBM,2021,97.26576425988686,113.49030303955078,121.04150695996097,90.70410690141809,107.00965188041566,1402480072.0,5565397.111111111,252,0.16680626429164902,large_cap
IBM,2022,113.83844494664235,125.56224822998047,136.54195122510447,101.76571141923644,116.42211993092084,1256844400.0,5007348.207171314,251,0.10298632670916419,large_cap
IBM,2023,125.74941852320836,152.9960479736328,155.6060130484375,109.80123836646575,127.35239624023437,1114026300.0,4456105.2,250,0.2166739995334117,large_cap
IBM,2024,152.32253027375896,213.4854278564453,231.9988120285956,147.70128586881566,184.99270094913317,1058491300.0,4217096.812749004,251,0.4015354621063767,large_cap
IDCC,2010,20.305590396370828,31.385486602783203,32.67436722613409,16.8082718040567,21.549972806658065,126195200.0,500774.6031746032,252,0.5456574268528858,small_cap
IDCC,2011,31.860354966647886,33.20561981201172,62.598010424956364,26.196530090600472,37.343506283230255,368060600.0,1460557.9365079366,252,0.04222378711009611,small_cap
IDCC,2012,33.67052326134074,32.78200912475586,35.62917513086312,17.099277858785314,26.480875534057617,207126200.0,828504.8,250,-0.026388486145240253,small_cap
IDCC,2013,33.795211059285236,23.70478057861328,38.86209874944386,22.933118456042678,32.27495751305232,102461700.0,406594.04761904763,252,-0.29857574977030976,small_cap
IDCC,2014,23.648514473311504,43.193138122558594,44.8261506634506,21.17240650278155,32.6929247038705,107810600.0,427819.84126984124,252,0.8264630605573193,small_cap
IDCC,2015,43.380925779306395,40.65687561035156,49.940349914826655,36.56865987948967,43.279048056829545,94759200.0,376028.5714285714,252,-0.06279373065510419,small_cap
IDCC,2016,40.117979331371984,76.91339111328125,82.51245812034256,34.14823263557628,52.81916124858554,85205400.0,338116.6666666667,252,0.9171800872118079,small_cap
IDCC,2017,77.79744927124365,65.1125717163086,86.42422075080056,57.48919114747187,68.23881957825436,82112500.0,327141.4342629482,251,-0.16305004436210713,small_cap
IDCC,2018,65.79662103884338,57.80244064331055,74.05347424300052,54.24362440066071,67.16779658708914,67118900.0,267405.9760956175,251,-0.12149834245763824,small_cap
IDCC,2019,56.84530960650009,48.49274444580078,64.75079955358487,41.56324946146707,54.52343283759223,84568400.0,335588.8888888889,252,-0.14693499285197342,small_cap
IDCC,2020,48.99109857610046,55.416934967041016,60.896664047134564,27.80306682223255,51.12052220129684,53938100.0,213194.07114624506,253,0.13116334554039377,small_cap
IDCC,2021,55.88270124735641,66.77210998535156,79.1267857069197,54.7319885270643,64.36809264289008,57443400.0,227950.0,252,0.19486188918811953,small_cap
IDCC,2022,66.91192767250004,47.23950958251953,68.95340348118884,38.12354717556906,54.337067440686475,57765700.0,230142.2310756972,251,-0.29400465319527214,small_cap
IDCC,2023,50.361432346189396,105.66280364990234,108.8266428961971,49.769507526041075,79.85379309082032,88698300.0,354793.2,250,1.0980897231747884,small_cap
IDCC,2024,105.62386457473163,193.31668090820312,201.36536364066052,93.156166020787,127.5605972107663,110963300.0,442084.8605577689,251,0.8302367716476284,small_cap
INTC,2010,13.461159787619954,14.036751747131348,15.905361963536183,11.656101949402288,13.669956521382408,16814658800.0,66724836.50793651,252,0.04275946267577613,large_cap
INTC,2011,14.02340282699187,16.759382247924805,17.816778360600697,13.03149043767323,14.999945863844856,15479327000.0,61425900.79365079,252,0.19510096477203054,large_cap
INTC,2012,17.015098907162063,14.745800971984863,20.538200785151904,13.751783860782854,17.544977264404295,10573755900.0,42295023.6,250,-0.1333696587694826,large_cap
INTC,2013,15.124823259532244,19.30521011352539,19.364703650214352,14.528423693299867,16.856787700501698,9856167600.0,39111776.190476194,252,0.27639244322134515,large_cap
INTC,2014,19.17135626049378,27.842748641967773,29.077994644903185,17.535327795839052,22.9928717915974,7965304500.0,31608351.19047619,252,0.452309803419753,large_cap
INTC,2015,28.13429688077165,27.226322174072266,28.76343223850872,19.51762954089056,25.08154619307745,7633745600.0,30292641.26984127,252,-0.032272877141633405,large_cap
INTC,2016,26.775844577364705,29.610370635986328,31.081283525106077,22.068446679421225,26.838411232781787,5763208600.0,22869875.396825396,252,0.10586131281243794,large_cap
INTC,2017,29.8879397106629,38.751136779785156,39.99359158243043,27.525477599531232,31.35300349049359,5999715600.0,23903249.40239044,251,0.29654760933421587,large_cap
INTC,2018,38.93582238870792,40.388954162597656,48.96398726377306,35.53184479147827,41.731274714982845,7379750000.0,29401394.42231076,251,0.037321204092793714,large_cap
INTC,2019,39.55414923306346,52.79319381713867,53.34891704255763,37.34737393152601,44.819657583085316,5519974300.0,21904659.92063492,252,0.33470684721512467,large_cap
INTC,2020,53.137208243109534,45.03853988647461,61.120146577817124,38.675192902789775,48.976452552282765,7989672500.0,31579733.201581027,253,-0.152410497736021,large_cap
INTC,2021,45.10182169776617,47.764522552490234,62.29252389915058,44.091201308587394,51.14942621806311,7243336900.0,28743400.396825396,252,0.05903754559111185,large_cap
INTC,2022,47.90363771933385,25.485862731933594,52.197812549516314,23.395611537404424,36.36930645794507,9802928800.0,39055493.22709163,251,-0.4679764638908095,large_cap
INTC,2023,26.08371317186176,49.58590316772461,50.60228911990351,24.137158798074474,33.15807411956787,10459357200.0,41837428.8,250,0.9010293067175814,large_cap
INTC,2024,48.54978479549887,19.81999969482422,49.63524501796823,18.510000228881836,30.877491909194276,15480547300.0,61675487.250996016,251,-0.5917592677638035,large_cap
MSFT,2010,22.831331317853504,21.244081497192383,23.65724479861136,17.104345668012535,20.36811649988568,15892924000.0,63067158.73015873,252,-0.06952068622559615,large_cap
MSFT,2011,21.35064451622635,20.28476905822754,22.423883481422962,18.226620010592796,20.08080180486043,15292282000.0,60683658.73015873,252,-0.049922401976612574,large_cap
MSFT,2012,20.745784512566193,21.461061477661133,25.916154430791376,20.620762951291656,23.614001487731933,11984490100.0,47937960.4,250,0.034478183491286174,large_cap
MSFT,2013,21.894934805209783,30.967864990234375,32.26750287222744,21.11555858056939,26.53048577384343,12251098000.0,48615468.253968254,252,0.4143848915624877,large_cap
MSFT,2014,30.918199778102075,39.50404357910156,42.29892096849743,28.666603997436024,35.66926485394675,8399600600.0,33331748.412698414,252,0.27769546295125647,large_cap
MSFT,2015,39.68264366274359,48.46824264526367,49.66510326960995,34.21415709207899,40.29412375556098,9059455900.0,35950221.82539683,252,0.22139651423396778,large_cap
MSFT,2016,47.45485569620034,55.77617263793945,57.53544027179212,42.09957684580351,48.976897012619744,7819726800.0,31030661.904761903,252,0.17535227575047485,large_cap
MSFT,2017,56.35959724290081,78.49412536621094,80.2926872719208,55.60563148803826,65.4073589826485,5631478600.0,22436169.721115537,251,0.39273751421455105,large_cap
MSFT,2018,79.03551985486091,94.81721496582031,107.98937278532743,76.92499429439347,93.56633004724267,7929137400.0,31590188.844621513,251,0.19967851340689058,large_cap
MSFT,2019,92.93152817846168,149.3922119140625,151.14476073019574,90.73776150201411,122.71468801347037,6194410500.0,24580994.04761905,252,0.6075514396704655,large_cap
MSFT,2020,150.41530750587003,212.93478393554688,222.3474735322865,125.88163549437337,183.89040643141675,9527876900.0,37659592.49011858,253,0.41564570432591763,large_cap
MSFT,2021,213.04013300201316,324.6764221191406,337.56427133664994,202.90176972562557,265.4266657753596,6555279200.0,26013012.698412698,252,0.524015299577721,large_cap
MSFT,2022,323.73993901153324,233.68666076660156,326.2981881447209,207.3871454934429,260.70008485345727,7836049700.0,31219321.513944224,251,-0.2781654883851804,large_cap
MSFT,2023,236.86327747897744,369.671875,377.79204546279357,213.74016514069575,307.43730432128905,6919274400.0,27677097.6,250,0.5606972888940536,large_cap
MSFT,2024,367.5288028618132,420.7586975097656,462.1020709028193,360.29347657411785,414.7215712345929,5174582500.0,20615866.533864543,251,0.14483189952316833,large_cap
NVDA,2010,0.4242422849923542,0.3529621958732605,0.43455609237001114,0.19825470090759817,0.31086281101618496,186812132000.0,741317984.1269841,252,-0.16801740807231968,large_cap
NVDA,2011,0.3557126136262683,0.3176659047603607,0.5998064410319133,0.26288805700594564,0.38705599769240334,230766636000.0,915740619.0476191,252,-0.10695912207904335,large_cap
NVDA,2012,0.32775060979385173,0.28280743956565857,0.3873416381902144,0.25555382177499353,0.3097977079153061,120775680000.0,483102720.0,250,-0.13712612237841904,large_cap
NVDA,2013,0.28972762975123584,0.37761518359184265,0.382614513360103,0.27473378428982625,0.3310523474263766,89147376000.0,353759428.5714286,252,0.3033454348695299,large_cap
NVDA,2014,0.37525805834716097,0.4810658395290375,0.509857725641988,0.3611151279165576,0.44120605585594025,71556936000.0,283956095.2380952,252,0.2819600507658946,large_cap
NVDA,2015,0.48298531770706177,0.8039359450340271,0.827839366244357,0.4544332823764516,0.5741778780070562,78187564000.0,310268111.1111111,252,0.6645142524221139,large_cap
NVDA,2016,0.7875938430434825,2.628551483154297,2.953363777301954,0.6036835768620734,1.319930018177108,111598604000.0,442851603.17460316,252,2.337445443957307,large_cap
NVDA,2017,2.570926479918963,4.783646106719971,5.402136910989975,2.3465892186287927,3.6974204963896855,172152468000.0,685866406.374502,251,0.8606701296533201,large_cap
NVDA,2018,4.840009577099086,3.3095529079437256,7.2504590181159045,3.0854452431294224,5.75143154493841,137569608000.0,548086087.6494024,251,-0.3162094299145286,large_cap
NVDA,2019,3.238652313473765,5.856023788452148,6.018040379091792,3.1655188592795396,4.33716005465341,115012716000.0,456399666.6666667,252,0.8081668612865089,large_cap
NVDA,2020,5.941884868219942,13.017682075500488,14.680319697982243,4.499359716733076,9.8563293016004,121656380000.0,480855256.91699606,253,1.1908337782048442,large_cap
NVDA,2021,13.066796036911752,29.3525447845459,34.57390711561954,11.533440753468302,19.47705256371271,90608822000.0,359558817.46031743,252,1.246345982720579,large_cap
NVDA,2022,29.755744649714465,14.59859561920166,30.649963801294536,10.798837859501226,18.538110850816704,136333969000.0,543163223.1075697,251,-0.5093856399476211,large_cap
NVDA,2023,14.835344825073602,49.49174880981445,50.51267446523686,14.019205996590792,36.540525089263916,118389365000.0,473557460.0,250,2.3360699999481755,large_cap
NVDA,2024,49.21391556134482,137.4449462890625,152.8293979645091,47.2910914479061,107.66872138521111,94895993100.0,378071685.6573705,251,1.7928065613421529,large_cap
ORCL,2010,19.86398824663676,25.412887573242188,26.2004402901807,17.176562353019474,20.60879060957167,7946127900.0,31532253.57142857,252,0.27934467427732845,large_cap
ORCL,2011,25.64834482943051,20.97526741027832,29.73562999610297,20.174433696475372,25.573929915352473,7894874400.0,31328866.666666668,252,-0.18219801122566037,large_cap
ORCL,2012,21.531337120257678,27.62799072265625,28.482032115008522,20.802072108852716,24.506349166870116,6690596400.0,26762385.6,250,0.2831525774896051,large_cap
ORCL,2013,28.25816040167005,31.960697174072266,32.02752713768654,24.759047872122128,28.001541720496284,5798953800.0,23011721.42857143,252,0.13102540008879693,large_cap
ORCL,2014,31.559735073595288,38.02518844604492,39.496459654625816,29.699189076749434,33.77025164498223,3822410900.0,15168297.222222222,252,0.204863993863466,large_cap
ORCL,2015,38.06745307639286,31.320940017700195,38.49177947710201,30.00987816335195,34.77013663640098,3751258800.0,14885947.61904762,252,-0.17722522820620334,large_cap
ORCL,2016,31.00238597975947,33.47789001464844,36.349647052456525,28.52289859588697,33.96007939747402,3457795400.0,13721410.317460317,252,0.07984882313590802,large_cap
ORCL,2017,33.60900664284597,41.826210021972656,46.82557178598602,33.47789085143718,40.91513870056882,3420352000.0,13626900.398406375,251,0.24449408655390314,large_cap
ORCL,2018,42.08277472547585,40.58415603637695,47.495281969561944,37.96270323643019,42.91039070950087,4597008700.0,18314775.697211154,251,-0.035611213825015975,large_cap
ORCL,2019,39.98190000620473,48.43446350097656,54.84167858852019,39.91898171006268,48.91541267576672,3286068800.0,13039955.555555556,252,0.21140975024848974,large_cap
ORCL,2020,48.69957001740954,60.18023681640625,61.58496721941577,36.46457752357964,51.09061121280957,3313704800.0,13097647.43083004,253,0.23574472618325992,large_cap
ORCL,2021,60.1802425510597,82.38040924072266,100.4510001811415,55.78797495707276,76.6105668658302,2869918500.0,11388565.476190476,252,0.3688946030888345,large_cap
ORCL,2022,82.493762306758,78.55304718017578,84.87660671537728,58.111532844394716,72.33472564210929,2095010500.0,8346655.378486056,251,-0.04776985576107484,large_cap
ORCL,2023,79.25458484529386,102.8586196899414,123.85904896712147,79.05277339856876,100.9718589477539,2287870000.0,9151480.0,250,0.29782548089454974,large_cap
ORCL,2024,101.97080599799085,164.83050537109375,195.83929942228468,99.25860360714944,138.2927392298482,2096307000.0,8351820.717131474,251,0.6164479995807961,large_cap
PLAB,2010,4.559999942779541,5.909999847412109,7.25,3.5199999809265137,5.091468254725139,123105400.0,488513.49206349207,252,0.29605261438000774,small_cap
PLAB,2011,5.96999979019165,6.079999923706055,10.149999618530273,4.579999923706055,7.277698418450734,235992400.0,936477.7777777778,252,0.018425483648278895,small_cap
PLAB,2012,6.260000228881836,5.960000038146973,7.699999809265137,4.559999942779541,5.988400011062622,107173400.0,428693.6,250,-0.047923351400332104,small_cap
PLAB,2013,6.099999904632568,9.029999732971191,9.75,5.710000038146973,7.516309520554921,82733900.0,328309.126984127,252,0.48032784822069785,small_cap
PLAB,2014,9.020000457763672,8.3100004196167,9.380000114440918,7.110000133514404,8.543452421824137,65918400.0,261580.95238095237,252,-0.07871396919230345,small_cap
PLAB,2015,8.390000343322754,12.449999809265137,13.050000190734863,7.679999828338623,9.342698386737279,97917600.0,388561.90476190473,252,0.48390933251553014,small_cap
PLAB,2016,12.210000038146973,11.300000190734863,12.399999618530273,8.199999809265137,10.205198401496524,130748900.0,518844.84126984124,252,-0.0745290617992671,small_cap
PLAB,2017,11.5,8.529999732971191,11.949999809265137,7.550000190734863,9.919641441557987,143114000.0,570175.2988047809,251,-0.25826089278511377,small_cap
PLAB,2018,8.550000190734863,9.680000305175781,11.0,7.199999809265137,8.88848606048827,121600700.0,484464.94023904385,251,0.13216375312662954,small_cap
PLAB,2019,9.600000381469727,15.760000228881836,16.75,7.949999809265137,10.323412715442597,140747500.0,558521.8253968254,252,0.641666625274554,small_cap
PLAB,2020,16.0,11.15999984741211,16.010000228881836,8.3100004196167,11.56501975455303,142481500.0,563167.9841897233,253,-0.30250000953674316,small_cap
PLAB,2021,11.1899995803833,18.850000381469727,19.399999618530273,10.890000343322754,13.363452377773466,115429300.0,458052.77777777775,252,0.6845398649089174,small_cap
PLAB,2022,18.979999542236328,16.829999923706055,25.809999465942383,13.869999885559082,18.068047827458475,197876000.0,788350.5976095618,251,-0.11327711645861027,small_cap
PLAB,2023,17.280000686645508,31.3700008392334,32.599998474121094,13.859999656677246,20.452479999542238,140482400.0,561929.6,250,0.81539349494801,small_cap
PLAB,2024,30.8700008392334,23.520000457763672,34.15999984741211,20.25,26.351513965196343,124124100.0,494518.3266932271,251,-0.23809524397966464,small_cap
QCOM,2010,31.066558983265008,33.4810905456543,34.035818932066384,21.207165789749418,27.72661052431379,5375676300.0,21332048.80952381,252,0.0777212424359568,large_cap
QCOM,2011,33.75169155202976,37.58180236816406,40.61559662059858,31.327919042122158,36.843068546719024,3946064100.0,15658984.523809524,252,0.11347907734431661,large_cap
QCOM,2012,38.392533504392674,43.17764663696289,47.48022104509519,36.758578803079224,42.19091302490234,3084393900.0,12337575.6,250,0.12463655549125785,large_cap
QCOM,2013,44.378200182441304,52.83240509033203,52.88221320121624,41.576676256003296,46.72198739127507,2979577600.0,11823720.634920634,252,0.1905035551945553,large_cap
QCOM,2014,52.377011350509285,54.024681091308594,58.90549116306997,48.89818778803688,54.67102358076308,2392937600.0,9495784.126984127,252,0.03145788005682548,large_cap
QCOM,2015,54.155487015005335,37.47541427612305,54.72969229633925,34.43180137919829,46.152029976012216,3281719200.0,13022695.238095239,252,-0.30800337432586644,large_cap
QCOM,2016,37.05560145423,50.625797271728516,55.17913376489211,31.66557050337115,43.85991387140183,2570023400.0,10198505.555555556,252,0.3662117273756851,large_cap
QCOM,2017,51.13826492435959,51.661808013916016,55.43877136719369,39.14643679399713,44.974462562348265,2798527000.0,11149509.960159363,251,0.010237795324710808,large_cap
QCOM,2018,51.952322732875956,47.741302490234375,63.48596250650928,39.522496702122076,50.47357262843158,3256738700.0,12975054.581673307,251,-0.08105547588879614,large_cap
QCOM,2019,47.14568139931534,76.75086975097656,81.23598129799134,41.189553251597566,61.36156836010161,3389570800.0,13450677.777777778,252,0.6279512242258345,large_cap
QCOM,2020,77.4641867344721,135.91290283203125,143.70154297083232,50.85529604239644,90.33527181271036,2480940800.0,9806090.118577074,253,0.7545256532274298,large_cap
QCOM,2021,136.51064241091447,166.15794372558594,175.07138074125436,110.25071742425503,130.91285142444428,2310800500.0,9169843.253968254,252,0.21717941393484397,large_cap
QCOM,2022,166.19427987067016,102.04997253417969,175.88918452897425,94.01539544968145,127.68931953460572,2376578500.0,9468440.239043824,251,-0.3859597778359556,large_cap
QCOM,2023,103.35876874725766,137.84263610839844,139.99658496663048,94.76318099064198,112.56316452026367,2028691900.0,8114767.6,250,0.3336327220137838,large_cap
QCOM,2024,135.51713397907702,150.23098754882812,221.82857302774798,128.60737482652118,164.5351587424715,2240093000.0,8924673.306772908,251,0.10857559585065335,large_cap
SANM,2010,11.119999885559082,11.479999542236328,20.299999237060547,8.920000076293945,13.648174577289158,334885700.0,1328911.507936508,252,0.03237407017825222,mid_cap
SANM,2011,11.649999618530273,9.3100004196167,17.31999969482422,6.010000228881836,10.388809516316368,284582500.0,1129295.634920635,252,-0.2008583069128702,mid_cap
SANM,2012,9.65999984741211,11.069999694824219,12.550000190734863,6.619999885559082,9.339279977798462,150445200.0,601780.8,250,0.14596271942901162,mid_cap
SANM,2013,11.4399995803833,16.700000762939453,18.440000534057617,9.119999885559082,14.085873021019829,189775300.0,753076.5873015873,252,0.45979033002551173,mid_cap
SANM,2014,16.700000762939453,23.530000686645508,26.079999923706055,14.760000228881836,20.83686511478727,182132400.0,722747.619047619,252,0.4089820126753019,mid_cap
SANM,2015,23.649999618530273,20.579999923706055,25.639999389648438,17.549999237060547,21.79202383283585,159702900.0,633741.6666666666,252,-0.12980971434852828,mid_cap
SANM,2016,20.200000762939453,36.650001525878906,37.20000076293945,16.309999465942383,26.00480162151276,145601600.0,577784.126984127,252,0.8143564426551879,mid_cap
SANM,2017,36.79999923706055,33.0,42.95000076293945,29.950000762939453,37.22733065236612,145030200.0,577809.561752988,251,-0.10326085097397619,mid_cap
SANM,2018,33.099998474121094,24.059999465942383,35.54999923706055,22.299999237060547,28.278804779052734,137665200.0,548466.9322709163,251,-0.27311176510314783,mid_cap
SANM,2019,23.549999237060547,34.2400016784668,34.709999084472656,22.520000457763672,30.63170635889447,101833300.0,404100.3968253968,252,0.4539279315382496,mid_cap
SANM,2020,34.630001068115234,31.889999389648438,34.959999084472656,18.34000015258789,28.083359684397582,113671400.0,449294.07114624506,253,-0.07912219445437985,mid_cap
SANM,2021,32.29999923706055,41.459999084472656,43.630001068115234,30.59000015258789,38.83488087427048,84514900.0,335376.5873015873,252,0.283591333243812,mid_cap
SANM,2022,41.130001068115234,57.290000915527344,69.27999877929688,35.36000061035156,46.77705184207019,109194000.0,435035.85657370515,251,0.3929005452893035,mid_cap
SANM,2023,58.02000045776367,51.369998931884766,65.58000183105469,43.40999984741211,55.48252000427246,105184700.0,420738.8,250,-0.11461567517083793,mid_cap
SANM,2024,50.90999984741211,75.63999938964844,86.05000305175781,48.83000183105469,66.49398410082813,105030400.0,418447.80876494024,251,0.4857591753360302,mid_cap
SMTC,2010,17.1200008392334,22.639999389648438,25.049999237060547,14.649999618530273,18.589047564400566,172685300.0,685259.126984127,252,0.32242980606432114,mid_cap
SMTC,2011,22.75,24.81999969482422,29.469999313354492,19.15999984741211,24.07948412970891,157194200.0,623786.5079365079,252,0.09098899757469092,mid_cap
SMTC,2012,25.719999313354492,28.950000762939453,30.459999084472656,22.219999313354492,25.98316000366211,113112700.0,452450.8,250,0.1255832634454177,mid_cap
SMTC,2013,29.56999969482422,25.280000686645508,37.45000076293945,22.56999969482422,31.57293656515697,154158300.0,611739.2857142857,252,-0.14507944039409681,mid_cap
SMTC,2014,25.030000686645508,27.56999969482422,28.260000228881836,21.3799991607666,25.060119023398748,139872600.0,555050.0,252,0.10147818371950357,mid_cap
SMTC,2015,27.780000686645508,18.920000076293945,30.010000228881836,14.039999961853027,21.433809575580415,144301300.0,572624.2063492064,252,-0.31893449932889206,mid_cap
SMTC,2016,18.700000762939453,31.549999237060547,33.25,15.699999809265137,23.97182544450911,114679100.0,455075.79365079367,252,0.687165665767663,mid_cap
SMTC,2017,31.799999237060547,34.20000076293945,41.95000076293945,31.0,35.842071738376085,122189600.0,486811.15537848603,251,0.07547174790752464,mid_cap
SMTC,2018,34.45000076293945,45.869998931884766,60.54999923706055,31.299999237060547,45.256095582270525,138190600.0,550560.1593625498,251,0.3314948596817069,mid_cap
SMTC,2019,44.84000015258789,52.900001525878906,57.959999084472656,39.540000915527344,49.41797627343072,139497900.0,553563.0952380953,252,0.17975025302995773,mid_cap
SMTC,2020,53.4900016784668,72.08999633789062,73.91000366210938,26.030000686645508,53.116086899527446,120388000.0,475841.8972332016,253,0.3477284366381228,mid_cap
SMTC,2021,72.94000244140625,88.93000030517578,94.91999816894531,57.970001220703125,73.31539679330493,94936000.0,376730.15873015876,252,0.2192212411373926,mid_cap
SMTC,2022,89.12999725341797,28.690000534057617,92.13999938964844,25.290000915527344,51.68306764853428,201655000.0,803406.374501992,251,-0.6781106090188126,mid_cap
SMTC,2023,29.229999542236328,21.90999984741211,35.18000030517578,13.130000114440918,24.401800045013427,414094100.0,1656376.4,250,-0.2504276363140915,mid_cap
SMTC,2024,21.65999984741211,61.70000076293945,70.2699966430664,18.15999984741211,36.56749006476535,467005500.0,1860579.6812749004,251,1.8485688456877454,mid_cap
TER,2010,9.992265084361534,12.91817855834961,13.28621568814141,8.133669637797206,10.171284554496644,1573675700.0,6244744.841269841,252,0.2928178395274257,mid_cap
TER,2011,13.000985154173888,12.540939331054688,17.65668050078339,9.541421528989538,13.4361359278361,1099308300.0,4362334.523809524,252,-0.035385458691298166,mid_cap
TER,2012,12.835371417633723,15.540456771850586,16.570962354826047,11.91527113534405,14.183977142333985,817707300.0,3270829.2,250,0.21075240179653187,mid_cap
TER,2013,15.899298066610028,16.21213150024414,17.233435471189168,12.927379812389738,15.386890627089,643065400.0,2551846.8253968256,252,0.019675927347452715,mid_cap
TER,2014,16.04651135986521,18.379899978637695,19.333612429302775,14.833546437520159,17.645060925256637,675397700.0,2680149.603174603,252,0.14541407577279686,mid_cap
TER,2015,18.500635986676492,19.432382583618164,20.28789291890987,15.003032528324276,18.08948432453095,526948100.0,2091063.888888889,252,0.05036294955550091,mid_cap
TER,2016,19.234964462866415,24.15592384338379,25.287637766312606,16.30176780033846,19.782928444090345,475149700.0,1885514.6825396826,252,0.2558340770536598,mid_cap
TER,2017,24.26053171413816,40.1372184753418,42.71332316076173,24.00375575923279,32.99185635844075,602172200.0,2399092.4302788842,251,0.6544245174952732,mid_cap
TER,2018,41.901065633309,30.35423469543457,48.68208858921793,27.790855999280986,38.180877047231,714910800.0,2848250.199203187,251,-0.27557368203770327,mid_cap
TER,2019,29.541692429825957,66.45419311523438,68.12066848415631,28.613072914180794,48.54188909227886,564021900.0,2238182.1428571427,252,1.2495052804808409,mid_cap
TER,2020,67.0876514992657,117.44294738769531,119.87231108516337,41.840270609747336,77.75034360923314,550183800.0,2174639.5256916997,253,0.7505896355453845,mid_cap
TER,2021,119.3923067826527,160.6708221435547,165.95675580696587,101.99948456252808,126.54780757237994,407617500.0,1617529.761904762,252,0.34573848578072397,mid_cap
TER,2022,161.97757410224324,86.20295715332031,164.7580752363208,66.84125752737826,100.14193528011975,458458900.0,1826529.482071713,251,-0.46780930859658754,mid_cap
TER,2023,87.68325925812586,107.56243133544922,117.88670087591166,80.26893415016936,99.58859133911133,407237500.0,1628950.0,250,0.2267157065729295,mid_cap
TER,2024,106.05586170471278,126.0978775024414,162.10065386462185,91.4756484763267,120.41937842502062,526094200.0,2095992.828685259,251,0.188976030891445,mid_cap
TTMI,2010,11.729999542236328,14.920000076293945,15.6899995803833,8.039999961853027,10.46130949731857,127606800.0,506376.1904761905,252,0.27195231530669295,small_cap
TTMI,2011,15.0,10.960000038146973,19.639999389648438,8.609999656677246,14.106825385774885,204309300.0,810751.1904761905,252,-0.26933333079020183,small_cap
TTMI,2012,11.260000228881836,9.1899995803833,13.75,8.300000190734863,10.19064001083374,95506200.0,382024.8,250,-0.18383664355432205,small_cap
TTMI,2013,9.420000076293945,8.579999923706055,10.90999984741211,6.53000020980835,8.69880951964666,91834200.0,364421.4285714286,252,-0.08917198999836595,small_cap
TTMI,2014,8.579999923706055,7.53000020980835,8.75,5.590000152587891,7.575595212361169,132864700.0,527240.873015873,252,-0.12237759012055649,small_cap
TTMI,2015,7.570000171661377,6.510000228881836,10.930000305175781,5.960000038146973,8.24174606043195,157512200.0,625048.4126984127,252,-0.14002640934510102,small_cap
TTMI,2016,6.380000114440918,13.630000114440918,15.0,4.670000076293945,9.05849203987727,283884300.0,1126525.0,252,1.1363636159801733,small_cap
TTMI,2017,13.779999732971191,15.670000076293945,19.540000915527344,12.760000228881836,16.004342664285485,339250400.0,1351595.219123506,251,0.13715532510502015,small_cap
TTMI,2018,15.729999542236328,9.729999542236328,19.90999984741211,8.970000267028809,15.785258961863727,228680600.0,911078.0876494024,251,-0.38143675617341954,small_cap
TTMI,2019,9.5600004196167,15.050000190734863,15.279999732971191,8.489999771118164,11.60801587407551,255690600.0,1014645.2380952381,252,0.5742677332788528,small_cap
TTMI,2020,15.260000228881836,13.800000190734863,16.25,8.0600004196167,12.190553340987254,328663600.0,1299065.6126482214,253,-0.09567496829939126,small_cap
TTMI,2021,13.920000076293945,14.899999618530273,15.359999656677246,11.729999542236328,14.194007937870328,253480700.0,1005875.7936507936,252,0.07040226557938656,small_cap
TTMI,2022,14.949999809265137,15.079999923706055,17.489999771118164,9.760000228881836,14.200517950779888,184853300.0,736467.3306772908,251,0.008695659939764733,small_cap
TTMI,2023,15.300000190734863,15.8100004196167,17.459999084472656,11.130000114440918,13.81156001663208,152928000.0,611712.0,250,0.033333347877385844,small_cap
TTMI,2024,15.600000381469727,24.700000762939453,28.0,13.430000305175781,18.48976090039865,186601300.0,743431.4741035857,251,0.5833333435221613,small_cap
ZBRA,2010,28.469999313354492,37.9900016784668,39.310001373291016,24.139999389648438,30.678968232775492,60995100.0,242044.04761904763,252,0.33438716525176493,mid_cap
ZBRA,2011,38.27000045776367,35.779998779296875,44.529998779296875,28.200000762939453,37.59960313070388,60201200.0,238893.6507936508,252,-0.06506406189398573,mid_cap
ZBRA,2012,36.29999923706055,39.310001373291016,41.880001068115234,31.790000915527344,37.18648008728027,48116800.0,192467.2,250,0.08292017078494607,mid_cap
ZBRA,2013,40.040000915527344,54.08000183105469,55.220001220703125,40.040000915527344,46.44583326672751,43885500.0,174148.80952380953,252,0.3506493654969596,mid_cap
ZBRA,2014,53.84000015258789,77.41000366210938,87.52999877929688,52.61000061035156,71.19666661156549,118937900.0,471975.79365079367,252,0.4377786672125141,mid_cap
ZBRA,2015,77.98999786376953,69.6500015258789,119.47000122070312,63.91999816894531,89.8784919617668,133796000.0,530936.5079365079,252,-0.10693674274050713,mid_cap
ZBRA,2016,67.68000030517578,85.76000213623047,88.0,46.130001068115234,64.03202371748667,163593200.0,649179.3650793651,252,0.2671395057554695,mid_cap
ZBRA,2017,86.58000183105469,103.80000305175781,117.44000244140625,81.0199966430664,99.31031872266792,82560900.0,328927.88844621513,251,0.1988912087840431,mid_cap
ZBRA,2018,104.0999984741211,159.22999572753906,184.75,102.75,150.66131430698107,102741000.0,409326.69322709163,251,0.5295869170173244,mid_cap
ZBRA,2019,155.99000549316406,255.44000244140625,260.29998779296875,146.52000427246094,206.708491734096,141976100.0,563397.2222222222,252,0.6375408259896522,mid_cap
ZBRA,2020,259.0299987792969,384.3299865722656,388.9200134277344,150.05999755859375,266.64249019095075,103262000.0,408150.1976284585,253,0.4837277086957368,mid_cap
ZBRA,2021,385.75,595.2000122070312,615.0,372.4599914550781,518.2833727882022,70661500.0,280402.77777777775,252,0.5429682753260694,mid_cap
ZBRA,2022,592.0800170898438,256.4100036621094,599.72998046875,224.8699951171875,343.3003178326732,111705600.0,445042.23107569723,251,-0.5669335288118649,mid_cap
ZBRA,2023,260.8699951171875,273.3299865722656,351.739990234375,194.58999633789062,270.4427197265625,101165900.0,404663.6,250,0.047763221866435224,mid_cap
ZBRA,2024,268.55999755859375,383.8500061035156,413.44000244140625,233.9499969482422,324.2532272034907,89583500.0,356906.374501992,251,0.4292895799560328,mid_cap
