end_date,Tax Effect Of Unusual Items,Tax Rate For Calcs,Normalized EBITDA,Net Income From Continuing Operation Net Minority Interest,Reconciled Depreciation,Reconciled Cost Of Revenue,EBITDA,EBIT,Net Interest Income,Interest Expense,Interest Income,Normalized Income,Net Income From Continuing And Discontinued Operation,Total Expenses,Total Operating Income As Reported,Diluted Average Shares,Basic Average Shares,Diluted EPS,Basic EPS,Diluted NI Availto Com Stockholders,Net Income Common Stockholders,Net Income,Net Income Including Noncontrolling Interests,Net Income Continuous Operations,Tax Provision,Pretax Income,Other Income Expense,Other Non Operating Income Expenses,Net Non Operating Interest Income Expense,Interest Expense Non Operating,Interest Income Non Operating,Operating Income,Operating Expense,Research And Development,Selling General And Administration,Gross Profit,Cost Of Revenue,Total Revenue,Operating Revenue,ticker,Total Unusual Items,Total Unusual Items Excluding Goodwill,Special Income Charges,Write Off,Gain On Sale Of Security,Selling And Marketing Expense,General And Administrative Expense,Other Gand A,Restructuring And Mergern Acquisition,Earnings From Equity Interest,Other Operating Expenses,Depreciation Amortization Depletion Income Statement,Depreciation And Amortization In Income Statement,Amortization,Amortization Of Intangibles Income Statement,Salaries And Wages,Average Dilution Earnings,Net Income Discontinuous Operations,Gain On Sale Of Ppe,Provision For Doubtful Accounts,Earnings From Equity Interest Net Of Tax,Other Special Charges,Minority Interests,Gain On Sale Of Business,Total Other Finance Cost,Preferred Stock Dividends,Impairment Of Capital Assets,Otherunder Preferred Stock Dividend,cap_group
2024-09-30,0.0,0.241,134661000000.0,93736000000.0,11445000000.0,210352000000.0,134661000000.0,123216000000.0,,,,93736000000.0,93736000000.0,267819000000.0,123216000000.0,15408095000.0,15343783000.0,6.08,6.11,93736000000.0,93736000000.0,93736000000.0,93736000000.0,93736000000.0,29749000000.0,123485000000.0,269000000.0,269000000.0,,,,123216000000.0,57467000000.0,31370000000.0,26097000000.0,180683000000.0,210352000000.0,391035000000.0,391035000000.0,AAPL,,,,,,,,,,,,,,,,,,,,,,,,,,,,,large_cap
2023-09-30,0.0,0.147,125820000000.0,96995000000.0,11519000000.0,214137000000.0,125820000000.0,114301000000.0,-183000000.0,3933000000.0,3750000000.0,96995000000.0,96995000000.0,268984000000.0,114301000000.0,15812547000.0,15744231000.0,6.13,6.16,96995000000.0,96995000000.0,96995000000.0,96995000000.0,96995000000.0,16741000000.0,113736000000.0,-565000000.0,-565000000.0,-183000000.0,3933000000.0,3750000000.0,114301000000.0,54847000000.0,29915000000.0,24932000000.0,169148000000.0,214137000000.0,383285000000.0,383285000000.0,AAPL,,,,,,,,,,,,,,,,,,,,,,,,,,,,,large_cap
2022-09-30,0.0,0.162,130541000000.0,99803000000.0,11104000000.0,223546000000.0,130541000000.0,119437000000.0,-106000000.0,2931000000.0,2825000000.0,99803000000.0,99803000000.0,274891000000.0,119437000000.0,16325819000.0,16215963000.0,6.11,6.15,99803000000.0,99803000000.0,99803000000.0,99803000000.0,99803000000.0,19300000000.0,119103000000.0,-334000000.0,-334000000.0,-106000000.0,2931000000.0,2825000000.0,119437000000.0,51345000000.0,26251000000.0,25094000000.0,170782000000.0,223546000000.0,394328000000.0,394328000000.0,AAPL,,,,,,,,,,,,,,,,,,,,,,,,,,,,,large_cap
2021-09-30,,,,,,,,,198000000.0,2645000000.0,2843000000.0,,,,,,,,,,,,,,,,,,198000000.0,2645000000.0,2843000000.0,,,,,,,,,AAPL,,,,,,,,,,,,,,,,,,,,,,,,,,,,,large_cap
2024-06-30,-99918000.0,0.182,133558000000.0,88136000000.0,22287000000.0,74114000000.0,133009000000.0,110722000000.0,222000000.0,2935000000.0,3157000000.0,88585082000.0,88136000000.0,135689000000.0,109433000000.0,7469000000.0,7431000000.0,11.8,11.86,88136000000.0,88136000000.0,88136000000.0,88136000000.0,88136000000.0,19651000000.0,107787000000.0,-1868000000.0,-1319000000.0,222000000.0,2935000000.0,3157000000.0,109433000000.0,61575000000.0,29510000000.0,32065000000.0,171008000000.0,74114000000.0,245122000000.0,245122000000.0,MSFT,-549000000.0,-549000000.0,-206000000.0,206000000.0,-343000000.0,24456000000.0,7609000000.0,7609000000.0,,,,,,,,,,,,,,,,,,,,,large_cap
2023-06-30,-2850000.0,0.19,105155000000.0,72361000000.0,13861000000.0,65863000000.0,105140000000.0,91279000000.0,1026000000.0,1968000000.0,2994000000.0,72373150000.0,72361000000.0,123392000000.0,88523000000.0,7472000000.0,7446000000.0,9.68,9.72,72361000000.0,72361000000.0,72361000000.0,72361000000.0,72361000000.0,16950000000.0,89311000000.0,-238000000.0,-223000000.0,1026000000.0,1968000000.0,2994000000.0,88523000000.0,57529000000.0,27195000000.0,30334000000.0,146052000000.0,65863000000.0,211915000000.0,211915000000.0,MSFT,-15000000.0,-15000000.0,-30000000.0,30000000.0,15000000.0,22759000000.0,7575000000.0,7575000000.0,,,,,,,,,,,,,,,,,,,,,large_cap
2022-06-30,43754000.0,0.131,99905000000.0,72738000000.0,14460000000.0,62650000000.0,100239000000.0,85779000000.0,31000000.0,2063000000.0,2094000000.0,72447754000.0,72738000000.0,114887000000.0,83383000000.0,7540000000.0,7496000000.0,9.65,9.7,72738000000.0,72738000000.0,72738000000.0,72738000000.0,72738000000.0,10978000000.0,83716000000.0,302000000.0,-32000000.0,31000000.0,2063000000.0,2094000000.0,83383000000.0,52237000000.0,24512000000.0,27725000000.0,135620000000.0,62650000000.0,198270000000.0,198270000000.0,MSFT,334000000.0,334000000.0,-101000000.0,101000000.0,435000000.0,21825000000.0,5900000000.0,5900000000.0,,,,,,,,,,,,,,,,,,,,,large_cap
2024-01-31,0.0,0.12,35583000000.0,29760000000.0,1508000000.0,16621000000.0,35583000000.0,34075000000.0,609000000.0,257000000.0,866000000.0,29760000000.0,29760000000.0,27950000000.0,32972000000.0,24940000000.0,24690000000.0,1.19,1.21,29760000000.0,29760000000.0,29760000000.0,29760000000.0,29760000000.0,4058000000.0,33818000000.0,237000000.0,237000000.0,609000000.0,257000000.0,866000000.0,32972000000.0,11329000000.0,8675000000.0,2654000000.0,44301000000.0,16621000000.0,60922000000.0,60922000000.0,NVDA,0.0,0.0,0.0,,,,,,0.0,,,,,,,,,,,,,,,,,,,,large_cap
2023-01-31,-284130000.0,0.21,7339000000.0,4368000000.0,1543000000.0,11618000000.0,5986000000.0,4443000000.0,5000000.0,262000000.0,267000000.0,5436870000.0,4368000000.0,21397000000.0,4224000000.0,25070000000.0,24870000000.0,0.17,0.18,4368000000.0,4368000000.0,4368000000.0,4368000000.0,4368000000.0,-187000000.0,4181000000.0,-1401000000.0,-48000000.0,5000000.0,262000000.0,267000000.0,5577000000.0,9779000000.0,7339000000.0,2440000000.0,15356000000.0,11618000000.0,26974000000.0,26974000000.0,NVDA,-1353000000.0,-1353000000.0,-1353000000.0,,,,,,1353000000.0,,,,,,,,,,,,,,,,,,,,large_cap
2022-01-31,,,,,,,,,,,,,,,,,,,,,,,,,,,,,,,,,,,,,,,,NVDA,0.0,0.0,0.0,,,,,,0.0,,,,,,,,,,,,,,,,,,,,large_cap
2024-05-31,-136141000.0,0.109,22643000000.0,10467000000.0,6139000000.0,12014000000.0,21394000000.0,15255000000.0,-3063000000.0,3514000000.0,451000000.0,11579859000.0,10467000000.0,36890000000.0,15353000000.0,2823000000.0,2744000000.0,3.71,3.82,10467000000.0,10467000000.0,10467000000.0,10467000000.0,10467000000.0,1274000000.0,11741000000.0,-1267000000.0,168000000.0,-3063000000.0,3514000000.0,451000000.0,16071000000.0,21747000000.0,8915000000.0,9822000000.0,37818000000.0,15143000000.0,52961000000.0,52961000000.0,ORCL,-1249000000.0,-1249000000.0,-718000000.0,,-531000000.0,8274000000.0,1548000000.0,1181000000.0,718000000.0,-186000000.0,,3010000000.0,3010000000.0,3010000000.0,3010000000.0,367000000.0,,,,,,,,,,,,,large_cap
2023-05-31,-85408000.0,0.068,19995000000.0,8503000000.0,6108000000.0,11038000000.0,18739000000.0,12631000000.0,-3220000000.0,3505000000.0,285000000.0,9673592000.0,8503000000.0,36181000000.0,13093000000.0,2766000000.0,2696000000.0,3.07,3.15,8503000000.0,8503000000.0,8503000000.0,8503000000.0,8503000000.0,623000000.0,9126000000.0,-1427000000.0,-6000000.0,-3220000000.0,3505000000.0,285000000.0,13773000000.0,22617000000.0,8623000000.0,10412000000.0,36390000000.0,13564000000.0,49954000000.0,49954000000.0,ORCL,-1256000000.0,-1256000000.0,-680000000.0,,-576000000.0,8833000000.0,1579000000.0,1579000000.0,680000000.0,-165000000.0,103000000.0,3582000000.0,3582000000.0,3582000000.0,3582000000.0,363000000.0,,,,,,,,,,,,,large_cap
2022-05-31,-640500000.0,0.122,18776000000.0,6717000000.0,3122000000.0,6905000000.0,13526000000.0,10404000000.0,-2661000000.0,2755000000.0,94000000.0,11326500000.0,6717000000.0,26610000000.0,10926000000.0,2786000000.0,2700000000.0,2.41,2.49,6717000000.0,6717000000.0,6717000000.0,6717000000.0,6717000000.0,932000000.0,7649000000.0,-5520000000.0,-86000000.0,-2661000000.0,2755000000.0,94000000.0,15830000000.0,17733000000.0,7219000000.0,9364000000.0,33563000000.0,8877000000.0,42440000000.0,42440000000.0,ORCL,-5250000000.0,-5250000000.0,-4904000000.0,,-346000000.0,8047000000.0,1317000000.0,1317000000.0,4904000000.0,-184000000.0,4694000000.0,1150000000.0,1150000000.0,1150000000.0,1150000000.0,245000000.0,,,,,,,,,,,,,large_cap
2021-05-31,,,,,,,,,,,,,,,,,,,,,,,,,,,,,,,,,,,,,,,,ORCL,,,,,,,,,,,129000000.0,,,,,,,,,,,,,,,,,,large_cap
2024-07-31,-148980000.0,0.156,16702000000.0,10320000000.0,2507000000.0,17166000000.0,15747000000.0,13240000000.0,359000000.0,1006000000.0,1365000000.0,11126020000.0,10320000000.0,40833000000.0,12181000000.0,4062000000.0,4043000000.0,2.54,2.55,10320000000.0,10320000000.0,10320000000.0,10320000000.0,10320000000.0,1914000000.0,12234000000.0,-1095000000.0,-140000000.0,359000000.0,1006000000.0,1365000000.0,12970000000.0,21858000000.0,7983000000.0,13177000000.0,34828000000.0,18975000000.0,53803000000.0,53803000000.0,CSCO,-955000000.0,-955000000.0,-789000000.0,,-166000000.0,10364000000.0,2813000000.0,2813000000.0,789000000.0,,,698000000.0,698000000.0,698000000.0,698000000.0,,,,,,,,,,,,,,large_cap
2023-07-31,-125316000.0,0.177,18179000000.0,12613000000.0,1726000000.0,19801000000.0,17471000000.0,15745000000.0,535000000.0,427000000.0,962000000.0,13195684000.0,12613000000.0,41436000000.0,15031000000.0,4105000000.0,4093000000.0,3.07,3.08,12613000000.0,12613000000.0,12613000000.0,12613000000.0,12613000000.0,2705000000.0,15318000000.0,-779000000.0,-71000000.0,535000000.0,427000000.0,962000000.0,15562000000.0,20191000000.0,7551000000.0,12358000000.0,35753000000.0,21245000000.0,56998000000.0,56998000000.0,CSCO,-708000000.0,-708000000.0,-531000000.0,,-177000000.0,9880000000.0,2478000000.0,2478000000.0,531000000.0,,,282000000.0,282000000.0,282000000.0,282000000.0,,,,,,,,,,,,,,large_cap
2022-07-31,82984000.0,0.184,16343000000.0,11812000000.0,1957000000.0,17665000000.0,16794000000.0,14837000000.0,116000000.0,360000000.0,476000000.0,11443984000.0,11812000000.0,37582000000.0,13969000000.0,4192000000.0,4170000000.0,2.82,2.83,11812000000.0,11812000000.0,11812000000.0,11812000000.0,11812000000.0,2665000000.0,14477000000.0,386000000.0,-65000000.0,116000000.0,360000000.0,476000000.0,13975000000.0,18273000000.0,6774000000.0,11186000000.0,32248000000.0,19309000000.0,51557000000.0,51557000000.0,CSCO,451000000.0,451000000.0,-6000000.0,,457000000.0,9085000000.0,2101000000.0,2101000000.0,6000000.0,,,313000000.0,313000000.0,313000000.0,313000000.0,,,,,,,,,,,,,,large_cap
2024-12-31,-29610000.0,0.21,12317000000.0,6015000000.0,4667000000.0,23639000000.0,12176000000.0,7509000000.0,-965000000.0,1712000000.0,747000000.0,6126390000.0,6023000000.0,52678000000.0,,937200000.0,921800000.0,6.43,6.53,6023000000.0,6023000000.0,6023000000.0,6023000000.0,6015000000.0,-218000000.0,5797000000.0,-3313000000.0,-3172000000.0,-965000000.0,1712000000.0,747000000.0,10074000000.0,25477000000.0,7479000000.0,17910000000.0,35551000000.0,27201000000.0,62753000000.0,62753000000.0,IBM,-141000000.0,-141000000.0,-104000000.0,,-37000000.0,1173000000.0,16737000000.0,16047000000.0,696000000.0,,-996000000.0,1105000000.0,1105000000.0,1105000000.0,1105000000.0,690000000.0,0.0,8000000.0,592000000.0,-21000000.0,,,,,,,,,large_cap
2023-12-31,-8100000.0,0.135,14753000000.0,7514000000.0,4396000000.0,27560000000.0,14693000000.0,10297000000.0,-937000000.0,1607000000.0,670000000.0,7565900000.0,7502000000.0,52478000000.0,,922100000.0,911200000.0,8.14,8.23,7502000000.0,7502000000.0,7502000000.0,7502000000.0,7514000000.0,1176000000.0,8690000000.0,245000000.0,305000000.0,-937000000.0,1607000000.0,670000000.0,9382000000.0,24918000000.0,6775000000.0,19003000000.0,34300000000.0,27560000000.0,61860000000.0,61860000000.0,IBM,-60000000.0,-60000000.0,-430000000.0,,-60000000.0,1237000000.0,16322000000.0,15706000000.0,438000000.0,,-860000000.0,995000000.0,995000000.0,995000000.0,995000000.0,616000000.0,0.0,-12000000.0,8000000.0,10000000.0,,,,,,,,,large_cap
2022-12-31,29400000.0,0.21,7034000000.0,1783000000.0,4802000000.0,27842000000.0,7174000000.0,2372000000.0,-1054000000.0,1216000000.0,162000000.0,1672400000.0,1640000000.0,52355000000.0,,912300000.0,902700000.0,1.8,1.82,1639000000.0,1639000000.0,1640000000.0,1640000000.0,1783000000.0,-626000000.0,1156000000.0,-5965000000.0,-6105000000.0,-1054000000.0,1216000000.0,162000000.0,8174000000.0,24513000000.0,6567000000.0,18609000000.0,32687000000.0,27842000000.0,60530000000.0,60530000000.0,IBM,140000000.0,140000000.0,-29000000.0,,140000000.0,1330000000.0,16103000000.0,15537000000.0,50000000.0,,-663000000.0,1062000000.0,1062000000.0,1062000000.0,1062000000.0,566000000.0,0.0,-143000000.0,21000000.0,64000000.0,,,,,,,,,large_cap
2021-12-31,,,,,,,,,,,,,,,,,,,,,,,,,,,,,,,,,,,,,,,,IBM,,,,,,,,,,,,,,,,,0.0,,35000000.0,,,,,,,,,,large_cap
2024-12-31,-35720000.0,0.19,5333000000.0,1641000000.0,3064000000.0,11444000000.0,5145000000.0,2081000000.0,90000000.0,92000000.0,182000000.0,1793280000.0,1641000000.0,23699000000.0,1900000000.0,1637000000.0,1620000000.0,1.0,1.01,1641000000.0,1641000000.0,1641000000.0,1641000000.0,1641000000.0,381000000.0,1989000000.0,-187000000.0,1000000.0,90000000.0,92000000.0,182000000.0,2086000000.0,10639000000.0,6456000000.0,2735000000.0,12725000000.0,13060000000.0,25785000000.0,25785000000.0,AMD,-188000000.0,-188000000.0,-186000000.0,,-2000000.0,,,,186000000.0,2000000.0,-48000000.0,1448000000.0,1448000000.0,1448000000.0,1448000000.0,,,0.0,,,33000000.0,,,,,,,,large_cap
2023-12-31,210000.0,0.21,4050000000.0,854000000.0,3453000000.0,10636000000.0,4051000000.0,598000000.0,100000000.0,106000000.0,206000000.0,853210000.0,854000000.0,22279000000.0,401000000.0,1625000000.0,1614000000.0,0.53,0.53,854000000.0,854000000.0,854000000.0,854000000.0,854000000.0,-346000000.0,492000000.0,-9000000.0,-10000000.0,100000000.0,106000000.0,206000000.0,401000000.0,10059000000.0,5872000000.0,2318000000.0,10460000000.0,12220000000.0,22680000000.0,22680000000.0,AMD,1000000.0,1000000.0,0.0,,1000000.0,,,,0.0,-1000000.0,-34000000.0,1869000000.0,1869000000.0,1869000000.0,1869000000.0,,,0.0,,,16000000.0,,,,,,,,large_cap
2022-12-31,0.0,0.21,5534000000.0,1320000000.0,4262000000.0,10836000000.0,5534000000.0,1272000000.0,-23000000.0,88000000.0,65000000.0,1320000000.0,1320000000.0,22337000000.0,1264000000.0,1571000000.0,1561000000.0,0.84,0.85,1320000000.0,1320000000.0,1320000000.0,1320000000.0,1320000000.0,-122000000.0,1184000000.0,-57000000.0,5000000.0,-23000000.0,88000000.0,65000000.0,1264000000.0,9339000000.0,5005000000.0,2336000000.0,10603000000.0,12998000000.0,23601000000.0,23601000000.0,AMD,0.0,0.0,0.0,,,,,,0.0,-62000000.0,-102000000.0,2100000000.0,2100000000.0,2100000000.0,2100000000.0,,0.0,,,,14000000.0,,,,,,,,large_cap
2021-12-31,,,,,,,,,,,,,,,,,,,,,,,,,,,,,,,,,,,,,,,,AMD,,,,,,,,,,56000000.0,-12000000.0,,,,,,0.0,,,,,7000000.0,,,,,,,large_cap
2024-01-31,-207460000.0,0.164,11223000000.0,4136000000.0,3959000000.0,5473000000.0,9958000000.0,5999000000.0,,,,5193540000.0,4136000000.0,28858000000.0,5011000000.0,984000000.0,974000000.0,4.2,4.25,4136000000.0,4136000000.0,4136000000.0,4136000000.0,4136000000.0,814000000.0,4950000000.0,-1049000000.0,216000000.0,,,,5999000000.0,20317000000.0,4906000000.0,14520000000.0,26316000000.0,8541000000.0,34857000000.0,34857000000.0,CRM,-1265000000.0,-1265000000.0,-1454000000.0,466000000.0,189000000.0,11986000000.0,2534000000.0,2534000000.0,988000000.0,,,891000000.0,891000000.0,891000000.0,891000000.0,1062000000.0,,,,,,,,,,,,,large_cap
2023-01-31,-224070000.0,0.21,6711000000.0,208000000.0,3786000000.0,8360000000.0,5644000000.0,1858000000.0,,,,1050930000.0,208000000.0,29494000000.0,1030000000.0,997000000.0,992000000.0,0.21,0.21,208000000.0,208000000.0,208000000.0,208000000.0,208000000.0,452000000.0,660000000.0,-1198000000.0,-131000000.0,,,,1858000000.0,21134000000.0,5055000000.0,16079000000.0,22992000000.0,8360000000.0,31352000000.0,31352000000.0,CRM,-1067000000.0,-1067000000.0,-1319000000.0,491000000.0,252000000.0,13526000000.0,2553000000.0,2553000000.0,828000000.0,,,916000000.0,916000000.0,916000000.0,916000000.0,1256000000.0,,,,,,,,,,,,,large_cap
2022-01-31,,,,,,,,,,,,,,,,,,,,,,,,,,,,,,,,,,,,,,,,CRM,,,,,,,,,,,,,,,,1104000000.0,,,,,,,,,,,,,large_cap
2024-12-31,-1571430000.0,0.21,8686000000.0,-18756000000.0,11379000000.0,35756000000.0,1203000000.0,-10176000000.0,981000000.0,1034000000.0,1805000000.0,-12844430000.0,-18756000000.0,57809000000.0,-11678000000.0,4280000000.0,4280000000.0,-4.38,-4.38,-18756000000.0,-18756000000.0,-18756000000.0,-19233000000.0,-19233000000.0,8023000000.0,-11210000000.0,-7483000000.0,,981000000.0,1034000000.0,1805000000.0,-4708000000.0,22053000000.0,16546000000.0,5507000000.0,17345000000.0,35756000000.0,53101000000.0,53101000000.0,INTC,-7483000000.0,-7483000000.0,-7317000000.0,3978000000.0,-166000000.0,,,,2481000000.0,,,,,,,,,,,,,858000000.0,477000000.0,0.0,-210000000.0,,,,large_cap
2023-12-31,21420000.0,0.21,11140000000.0,1689000000.0,9602000000.0,32517000000.0,11242000000.0,1640000000.0,629000000.0,878000000.0,1335000000.0,1608420000.0,1689000000.0,54197000000.0,93000000.0,4212000000.0,4190000000.0,0.4,0.4,1689000000.0,1689000000.0,1689000000.0,1675000000.0,1675000000.0,-913000000.0,762000000.0,102000000.0,,629000000.0,878000000.0,1335000000.0,31000000.0,21680000000.0,16046000000.0,5634000000.0,21711000000.0,32517000000.0,54228000000.0,54228000000.0,INTC,102000000.0,102000000.0,-152000000.0,259000000.0,254000000.0,,,,222000000.0,,,,,,,,,,,,,-329000000.0,14000000.0,0.0,-172000000.0,,,,large_cap
2022-12-31,1105860000.0,0.21,16033000000.0,8014000000.0,13035000000.0,36188000000.0,21299000000.0,8264000000.0,166000000.0,496000000.0,589000000.0,3853860000.0,8014000000.0,60718000000.0,2334000000.0,4123000000.0,4108000000.0,1.94,1.95,8014000000.0,8014000000.0,8014000000.0,8017000000.0,8017000000.0,-249000000.0,7768000000.0,5266000000.0,,166000000.0,496000000.0,589000000.0,2336000000.0,24530000000.0,17528000000.0,7002000000.0,26866000000.0,36188000000.0,63054000000.0,63054000000.0,INTC,5266000000.0,5266000000.0,808000000.0,341000000.0,4458000000.0,,,,1038000000.0,,,,,,,,,,,,,-1187000000.0,-3000000.0,1000000000.0,-73000000.0,,,,large_cap
2024-09-30,-1860000.0,0.02,12832000000.0,10110000000.0,1706000000.0,17060000000.0,12739000000.0,11033000000.0,-22000000.0,697000000.0,675000000.0,10201140000.0,10142000000.0,28709000000.0,10071000000.0,1130000000.0,1116000000.0,8.97,9.09,10142000000.0,10142000000.0,10142000000.0,10142000000.0,10110000000.0,226000000.0,10336000000.0,105000000.0,198000000.0,-22000000.0,697000000.0,675000000.0,10253000000.0,11649000000.0,8893000000.0,2759000000.0,21902000000.0,17060000000.0,38962000000.0,38962000000.0,QCOM,-93000000.0,-93000000.0,-261000000.0,79000000.0,168000000.0,,,,,,-3000000.0,,,,,,,32000000.0,,,,,,,,,,,large_cap
2023-09-30,-9120000.0,0.01,10858000000.0,7339000000.0,1809000000.0,15869000000.0,9946000000.0,8137000000.0,-381000000.0,694000000.0,313000000.0,8241880000.0,7232000000.0,27170000000.0,7788000000.0,1126000000.0,1117000000.0,6.42,6.47,7232000000.0,7232000000.0,7232000000.0,7232000000.0,7339000000.0,104000000.0,7443000000.0,-826000000.0,86000000.0,-381000000.0,694000000.0,313000000.0,8650000000.0,11301000000.0,8818000000.0,2483000000.0,19951000000.0,15869000000.0,35820000000.0,35820000000.0,QCOM,-912000000.0,-912000000.0,-994000000.0,132000000.0,82000000.0,,,,,,862000000.0,,,,,,,-107000000.0,,,,,,,,,,,large_cap
2022-09-30,-41860000.0,0.13,17572000000.0,12986000000.0,1762000000.0,18635000000.0,17250000000.0,15488000000.0,-399000000.0,490000000.0,91000000.0,13266140000.0,12936000000.0,28340000000.0,15860000000.0,1137000000.0,1123000000.0,11.37,11.52,12936000000.0,12936000000.0,12936000000.0,12936000000.0,12986000000.0,2012000000.0,14998000000.0,-463000000.0,-141000000.0,-399000000.0,490000000.0,91000000.0,15860000000.0,9705000000.0,8194000000.0,2570000000.0,25565000000.0,18635000000.0,44200000000.0,44200000000.0,QCOM,-322000000.0,-322000000.0,-47000000.0,47000000.0,-275000000.0,,,,,-7000000.0,-1059000000.0,,,,,,,-50000000.0,,,,,,,,,,,large_cap
2021-09-30,,,,,,,,,,,,,,,,,,,,,,,,,,,,,,,,,,,,,,,,QCOM,,,,,,,,,,13000000.0,,,,,,,,,,,,,,,,,,,large_cap
2024-09-30,-1601175.0,0.185,782892000.0,566778000.0,106991000.0,557647000.0,774237000.0,667246000.0,,,,573831825.0,566778000.0,2148874000.0,658591000.0,59359000.0,58720000.0,9.55,9.65,566778000.0,566778000.0,566778000.0,566778000.0,566778000.0,128687000.0,695465000.0,28219000.0,36874000.0,,,,667246000.0,1591227000.0,490120000.0,1101107000.0,2258473000.0,557647000.0,2816120000.0,2816120000.0,FFIV,-8655000.0,-8655000.0,-8655000.0,,,832279000.0,268828000.0,268828000.0,8655000.0,,,,,,,,,,,,,,,,,,,,mid_cap
2023-09-30,-12227556.0,0.187,716046000.0,394948000.0,112702000.0,593308000.0,650658000.0,537956000.0,,,,448108444.0,394948000.0,2275213000.0,472568000.0,60270000.0,59909000.0,6.55,6.59,394948000.0,394948000.0,394948000.0,394948000.0,394948000.0,91040000.0,485988000.0,-51968000.0,13420000.0,,,,537956000.0,1681905000.0,540285000.0,1141620000.0,2219861000.0,593308000.0,2813169000.0,2813169000.0,FFIV,-65388000.0,-65388000.0,-65388000.0,,,878215000.0,263405000.0,263405000.0,65388000.0,,,,,,,,,,,,,,,,,,,,mid_cap
2022-09-30,-1297076.0,0.164,535219000.0,322160000.0,115609000.0,539627000.0,527310000.0,411701000.0,,,,328771924.0,322160000.0,2284144000.0,403792000.0,61097000.0,60274000.0,5.27,5.34,322160000.0,322160000.0,322160000.0,322160000.0,322160000.0,63233000.0,385393000.0,-26308000.0,-18399000.0,,,,411701000.0,1744517000.0,543368000.0,1201149000.0,2156218000.0,539627000.0,2695845000.0,2695845000.0,FFIV,-7909000.0,-7909000.0,-7909000.0,,,926591000.0,274558000.0,274558000.0,7909000.0,,,,,,,,,,,,,,,,,,,,mid_cap
2024-10-31,-10442966.0,0.2995,386800000.0,83956000.0,133470000.0,2191464000.0,351932000.0,218462000.0,-36491000.0,98612000.0,62121000.0,108381034.0,83956000.0,3823746000.0,166617000.0,145964000.0,144715000.0,0.58,0.58,83956000.0,83956000.0,83956000.0,83956000.0,83956000.0,35894000.0,119850000.0,-34868000.0,-1584000.0,-36491000.0,98612000.0,62121000.0,191209000.0,1528381000.0,767497000.0,731315000.0,1719590000.0,2295365000.0,4014955000.0,4014955000.0,CIEN,-34868000.0,-34868000.0,-24592000.0,24592000.0,-10276000.0,510668000.0,220647000.0,220647000.0,0.0,0.0,,29569000.0,29569000.0,29569000.0,29569000.0,,,,,,,,,,,,,,mid_cap
2023-10-31,-8402713.5,0.2127,598412000.0,254827000.0,142180000.0,2402869000.0,558907000.0,416727000.0,-48063000.0,93074000.0,45011000.0,285929286.5,254827000.0,4001696000.0,357545000.0,149380000.0,148971000.0,1.71,1.71,254827000.0,254827000.0,254827000.0,254827000.0,254827000.0,68826000.0,323653000.0,-13137000.0,-5048000.0,-48063000.0,93074000.0,45011000.0,384853000.0,1493998000.0,750559000.0,706088000.0,1878851000.0,2507698000.0,4386549000.0,4386549000.0,CIEN,-39505000.0,-39505000.0,-35182000.0,23834000.0,-4323000.0,490804000.0,215284000.0,215284000.0,3474000.0,26368000.0,,37351000.0,37351000.0,37351000.0,37351000.0,,,,,,,7874000.0,,,,,,,mid_cap
2022-10-31,-5829305.8,0.1622,411613000.0,152902000.0,140203000.0,1964625000.0,375674000.0,235471000.0,-42906000.0,52966000.0,10060000.0,183011694.2,152902000.0,3375431000.0,222808000.0,152193000.0,151208000.0,1.0,1.01,152902000.0,152902000.0,152902000.0,152902000.0,152902000.0,29603000.0,182505000.0,-31819000.0,-5916000.0,-42906000.0,52966000.0,10060000.0,257230000.0,1303114000.0,624656000.0,645947000.0,1560344000.0,2072317000.0,3632661000.0,3632661000.0,CIEN,-35939000.0,-35939000.0,-34422000.0,33824000.0,-1517000.0,466565000.0,179382000.0,179382000.0,598000.0,4120000.0,,32511000.0,32511000.0,32511000.0,32511000.0,,,,,,,,,,,,,,mid_cap
2021-10-31,,,,,,,,,,,,,,,,,,,,,,,,,,,,-533000.0,,,,,,,,,,,,CIEN,,,,,,,,,,,,,,,,,,,,,,,,,,,,,mid_cap
2024-03-31,-6000000.0,0.3,1430000000.0,633000000.0,537000000.0,24083000000.0,1410000000.0,873000000.0,-151000000.0,207000000.0,56000000.0,647000000.0,1006000000.0,25542000000.0,853000000.0,441000000.0,435000000.0,2.28,2.31,1006000000.0,1006000000.0,1006000000.0,1245000000.0,872000000.0,-206000000.0,666000000.0,-56000000.0,-44000000.0,-151000000.0,207000000.0,56000000.0,873000000.0,992000000.0,,922000000.0,1865000000.0,24550000000.0,26415000000.0,26415000000.0,FLEX,-20000000.0,-20000000.0,-20000000.0,,,,,,20000000.0,8000000.0,,70000000.0,70000000.0,70000000.0,70000000.0,,,373000000.0,,,,,-239000000.0,,,,,,mid_cap
2023-03-31,-614622.057001,0.153656,1542000000.0,443000000.0,501000000.0,26106000000.0,1538000000.0,1037000000.0,-200000000.0,230000000.0,30000000.0,446385377.942999,793000000.0,27481000000.0,1017000000.0,462000000.0,454000000.0,1.72,1.75,793000000.0,793000000.0,793000000.0,1033000000.0,683000000.0,124000000.0,807000000.0,-14000000.0,-6000000.0,-200000000.0,230000000.0,30000000.0,1021000000.0,955000000.0,,874000000.0,1976000000.0,26526000000.0,28502000000.0,28502000000.0,FLEX,-4000000.0,-4000000.0,-4000000.0,,,,,,4000000.0,-4000000.0,,81000000.0,81000000.0,81000000.0,81000000.0,,,350000000.0,,,,,-240000000.0,,39000000.0,,,,mid_cap
2022-03-31,0.0,0.095,1614000000.0,868000000.0,484000000.0,22429000000.0,1614000000.0,1130000000.0,-152000000.0,166000000.0,14000000.0,868000000.0,936000000.0,23743000000.0,890000000.0,483000000.0,476000000.0,1.94,1.97,936000000.0,936000000.0,936000000.0,940000000.0,872000000.0,92000000.0,964000000.0,226000000.0,165000000.0,-152000000.0,166000000.0,14000000.0,890000000.0,890000000.0,,830000000.0,1780000000.0,22853000000.0,24633000000.0,24633000000.0,FLEX,0.0,0.0,0.0,,,,,,0.0,61000000.0,,60000000.0,60000000.0,60000000.0,60000000.0,,,68000000.0,,,,,-4000000.0,,152000000.0,,,,mid_cap
2021-03-31,,,,,,,,,,,,,,,,,,,,,,,,,,,,,,,,,,,,,,,,FLEX,,,,,,,,,,,,,,,,,,,,,,,,,11000000.0,,,,mid_cap
2024-12-31,4071704.0,0.098,690866000.0,542372000.0,119741000.0,1069976000.0,732414000.0,612673000.0,21185000.0,3587000.0,24772000.0,504895704.0,542372000.0,2267640000.0,593788000.0,163314000.0,159083000.0,3.32,3.41,542372000.0,542372000.0,542372000.0,542372000.0,542372000.0,59503000.0,609086000.0,35661000.0,-5887000.0,21185000.0,3587000.0,24772000.0,552240000.0,1096687000.0,460876000.0,617047000.0,1648927000.0,1170953000.0,2819880000.0,2819880000.0,TER,41548000.0,41548000.0,41548000.0,,,,,,15571000.0,,,18764000.0,18764000.0,18764000.0,18764000.0,,,,,,-7211000.0,,,57119000.0,,,,,mid_cap
2023-12-31,-3106442.0,0.146,661541000.0,448752000.0,110886000.0,1047663000.0,640264000.0,529378000.0,23542000.0,3806000.0,27348000.0,466922558.0,448752000.0,2153953000.0,501068000.0,164304000.0,154310000.0,2.73,2.91,448752000.0,448752000.0,448752000.0,448752000.0,448752000.0,76820000.0,525572000.0,-20315000.0,962000.0,23542000.0,3806000.0,27348000.0,522345000.0,1014403000.0,418089000.0,577315000.0,1536748000.0,1139550000.0,2676298000.0,2676298000.0,TER,-21277000.0,-21277000.0,-21277000.0,,,,,,21277000.0,,,18999000.0,18999000.0,18999000.0,18999000.0,,,,,,0.0,,,0.0,,,,,mid_cap
2022-12-31,-2560565.0,0.149,971964000.0,715501000.0,110675000.0,1196552000.0,954779000.0,844104000.0,2660000.0,3719000.0,6379000.0,730125435.0,715501000.0,2305921000.0,831939000.0,169734000.0,158434000.0,4.22,4.52,715501000.0,715501000.0,715501000.0,715501000.0,715501000.0,124884000.0,840385000.0,-11399000.0,5786000.0,2660000.0,3719000.0,6379000.0,849124000.0,1018027000.0,440591000.0,558103000.0,1867151000.0,1287894000.0,3155045000.0,3155045000.0,TER,-17185000.0,-17185000.0,-17185000.0,,,,,,17185000.0,,,19333000.0,19333000.0,19333000.0,19333000.0,,,,3400000.0,,0.0,14700000.0,,0.0,,,,,mid_cap
2021-12-31,,,,,,,,,,,,,,,,,,,,,,,,,,,,,,,,,,,,,,,,TER,,,,,,,,,,,,,,,,,,,,,,12000000.0,,,,,,,mid_cap
2024-12-31,-26040000.0,0.21,562600000.0,113100000.0,183800000.0,1716900000.0,438600000.0,254800000.0,-38600000.0,47900000.0,9300000.0,211060000.0,113100000.0,2987200000.0,253100000.0,149500000.0,149000000.0,0.76,0.76,113100000.0,113100000.0,113100000.0,113800000.0,113800000.0,91400000.0,206900000.0,-133700000.0,-9700000.0,-38600000.0,47900000.0,9300000.0,379200000.0,1270300000.0,376500000.0,893800000.0,1649500000.0,1716900000.0,3366400000.0,3366400000.0,BRKR,-124000000.0,-124000000.0,-147700000.0,24600000.0,23700000.0,,893800000.0,893800000.0,76000000.0,,,,,,,,,,,,-1700000.0,44900000.0,-700000.0,,,,2200000.0,,mid_cap
2023-12-31,15400800.0,0.216,604200000.0,427200000.0,114900000.0,1451200000.0,675500000.0,560600000.0,-5200000.0,16400000.0,7500000.0,371300800.0,427200000.0,2475400000.0,436900000.0,147200000.0,146400000.0,2.9,2.92,427200000.0,427200000.0,427200000.0,428500000.0,428500000.0,117700000.0,544200000.0,60300000.0,-11000000.0,-5200000.0,16400000.0,7500000.0,489100000.0,1024200000.0,294800000.0,729400000.0,1513300000.0,1451200000.0,2964500000.0,2964500000.0,BRKR,71300000.0,71300000.0,84600000.0,18200000.0,-13300000.0,,729400000.0,729400000.0,-108500000.0,,10300000.0,,,,,100000.0,,,,,2000000.0,,-1300000.0,,-3700000.0,,5700000.0,,mid_cap
2022-12-31,-8233300.0,0.281,548000000.0,296600000.0,88700000.0,1225000000.0,518700000.0,430000000.0,-12000000.0,16100000.0,2800000.0,317666700.0,296600000.0,2068300000.0,432700000.0,149400000.0,148600000.0,1.99,2.0,296600000.0,296600000.0,296600000.0,298500000.0,298500000.0,116400000.0,413900000.0,-36500000.0,-7200000.0,-12000000.0,16100000.0,2800000.0,462400000.0,843300000.0,235900000.0,607400000.0,1305700000.0,1225000000.0,2530700000.0,2530700000.0,BRKR,-29300000.0,-29300000.0,-23500000.0,0.0,-5800000.0,,607400000.0,607400000.0,23200000.0,,3800000.0,,,,,1000000.0,,,,,1000000.0,,-1900000.0,,-1300000.0,,300000.0,,mid_cap
2021-12-31,,,,,,,,,,,,,,,,,,,,,,,,,,,,,,,,,,,,,,,,BRKR,,,,,,,,,,,2800000.0,,,,,2200000.0,,,,,,,,,,,,,mid_cap
2024-09-30,-2569641.041145,0.25126,479363000.0,222536000.0,122418000.0,6927899000.0,469136000.0,346718000.0,-16743000.0,29183000.0,12440000.0,230193358.958855,222536000.0,7222607000.0,335494000.0,56970000.0,55592000.0,3.91,4.0,222536000.0,222536000.0,222536000.0,237751000.0,237751000.0,79784000.0,317535000.0,-11443000.0,-1216000.0,-16743000.0,29183000.0,12440000.0,345721000.0,294708000.0,28514000.0,266194000.0,640429000.0,6927899000.0,7568328000.0,7568328000.0,SANM,-10227000.0,-10227000.0,-10227000.0,,,,,,10227000.0,,,,,,,,,,,,,,-15215000.0,,,,,,mid_cap
2023-09-30,-1250756.4,0.2066,573388000.0,309970000.0,118237000.0,8191837000.0,567334000.0,449097000.0,-22695000.0,36290000.0,13595000.0,314773243.6,309970000.0,8473336000.0,455658000.0,59815000.0,57847000.0,5.18,5.36,309970000.0,309970000.0,309970000.0,327513000.0,327513000.0,85294000.0,412807000.0,-26210000.0,-20156000.0,-22695000.0,36290000.0,13595000.0,461712000.0,281499000.0,26427000.0,255072000.0,743211000.0,8191837000.0,8935048000.0,8935048000.0,SANM,-6054000.0,-6054000.0,-6054000.0,,,,,,6054000.0,,,,,,,,,,,,,,-17543000.0,,,,,,mid_cap
2022-09-30,-1396393.5,0.2049,440391000.0,240384000.0,108783000.0,7297416000.0,433576000.0,324793000.0,-20845000.0,22473000.0,1628000.0,245802606.5,240384000.0,7563328000.0,349479000.0,63117000.0,61310000.0,4.06,4.18,240384000.0,240384000.0,240384000.0,240384000.0,240384000.0,61936000.0,302320000.0,-33129000.0,-26314000.0,-20845000.0,22473000.0,1628000.0,356294000.0,265912000.0,21343000.0,244569000.0,622206000.0,7297416000.0,7919622000.0,7919622000.0,SANM,-6815000.0,-6815000.0,-6815000.0,,,,244569000.0,219532000.0,6815000.0,,,,,,,25037000.0,,,4610000.0,,,,0.0,,,,0.0,,mid_cap
2021-09-30,,,,,,,,,,,,,,,,,,,,,,,,,,,,,,,,,,,,,,,,SANM,,,,,,,234537000.0,214419000.0,,,,,,,,20118000.0,,,0.0,,,,,,,,0.0,,mid_cap
2024-01-31,-170673720.0,0.21,-50138000.0,-1092030000.0,84452000.0,502969000.0,-862870000.0,-947322000.0,-102948000.0,94233000.0,3051000.0,-449971720.0,-1092030000.0,994091000.0,-944322000.0,64127000.0,64127000.0,-17.03,-17.03,-1092030000.0,-1092030000.0,-1092030000.0,-1092029000.0,-1092029000.0,50519000.0,-1041555000.0,-813274000.0,-542000.0,-102948000.0,94233000.0,3051000.0,-125333000.0,421583000.0,186450000.0,220220000.0,296250000.0,572508000.0,868758000.0,868758000.0,SMTC,-812732000.0,-812732000.0,-822918000.0,3929000.0,10186000.0,,,,23775000.0,,,14913000.0,14913000.0,14913000.0,14913000.0,,,,,,45000.0,,-1000.0,0.0,11766000.0,,795214000.0,,mid_cap
2023-01-31,138810.353397,0.221036,125919000.0,61380000.0,36893000.0,241903000.0,126547000.0,89654000.0,-6807000.0,11187000.0,5801000.0,60890810.353397,61380000.0,670556000.0,92799000.0,64013000.0,63770000.0,0.96,0.96,61380000.0,61380000.0,61380000.0,61372000.0,61372000.0,17344000.0,78467000.0,-703000.0,-1331000.0,-6807000.0,11187000.0,5801000.0,85977000.0,392581000.0,166948000.0,224812000.0,478558000.0,277975000.0,756533000.0,756533000.0,SMTC,628000.0,628000.0,-1589000.0,1156000.0,2217000.0,,,,11491000.0,,,821000.0,821000.0,821000.0,821000.0,,,,,,249000.0,7255000.0,8000.0,18313000.0,1421000.0,,0.0,,mid_cap
2022-01-31,-253528.759105,0.111736,180305000.0,125664000.0,35302000.0,244417000.0,178036000.0,142734000.0,-2677000.0,3665000.0,1469000.0,127679471.240895,125664000.0,595854000.0,145017000.0,65565000.0,64662000.0,1.92,1.94,125664000.0,125664000.0,125664000.0,125645000.0,125645000.0,15539000.0,139069000.0,-3258000.0,-989000.0,-2677000.0,3665000.0,1469000.0,145004000.0,316135000.0,147925000.0,168210000.0,461139000.0,279719000.0,740858000.0,740858000.0,SMTC,-2269000.0,-2269000.0,-1324000.0,1337000.0,-945000.0,,,,-13000.0,,,0.0,0.0,0.0,0.0,,,,,,2115000.0,,19000.0,0.0,481000.0,,0.0,,mid_cap
2024-12-31,-3042000.0,0.169,923000000.0,528000000.0,172000000.0,2500000000.0,905000000.0,733000000.0,-98000000.0,98000000.0,,542958000.0,528000000.0,4216000000.0,742000000.0,51879709.0,51494957.0,10.18,10.25,528000000.0,528000000.0,528000000.0,528000000.0,528000000.0,107000000.0,635000000.0,-32000000.0,-14000000.0,-98000000.0,98000000.0,,765000000.0,1648000000.0,563000000.0,981000000.0,2413000000.0,2568000000.0,4981000000.0,4981000000.0,ZBRA,-18000000.0,-18000000.0,-23000000.0,,5000000.0,600000000.0,381000000.0,381000000.0,23000000.0,,,104000000.0,104000000.0,104000000.0,104000000.0,,,,,,,,,,98000000.0,,,,mid_cap
2023-12-31,-12084000.0,0.114,749000000.0,296000000.0,176000000.0,2389000000.0,643000000.0,467000000.0,-133000000.0,133000000.0,,389916000.0,296000000.0,3999000000.0,481000000.0,51710962.0,51378051.0,5.72,5.75,296000000.0,296000000.0,296000000.0,296000000.0,296000000.0,38000000.0,334000000.0,-118000000.0,-12000000.0,-133000000.0,133000000.0,,585000000.0,1538000000.0,519000000.0,915000000.0,2123000000.0,2461000000.0,4584000000.0,4584000000.0,ZBRA,-106000000.0,-106000000.0,-104000000.0,,-2000000.0,581000000.0,334000000.0,334000000.0,104000000.0,,,104000000.0,104000000.0,104000000.0,104000000.0,,,,,,,,,,133000000.0,,,,mid_cap
2022-12-31,-61090000.0,0.149,1550000000.0,463000000.0,204000000.0,3089000000.0,1140000000.0,936000000.0,23000000.0,,23000000.0,811910000.0,463000000.0,4845000000.0,529000000.0,52558712.0,52207903.0,8.8,8.86,463000000.0,463000000.0,463000000.0,463000000.0,463000000.0,81000000.0,544000000.0,-415000000.0,-5000000.0,23000000.0,,23000000.0,936000000.0,1688000000.0,570000000.0,982000000.0,2624000000.0,3157000000.0,5781000000.0,5781000000.0,ZBRA,-410000000.0,-410000000.0,-407000000.0,,-3000000.0,607000000.0,375000000.0,375000000.0,35000000.0,,,136000000.0,136000000.0,136000000.0,136000000.0,,,,,,,372000000.0,,,-23000000.0,,,,mid_cap
2021-12-31,,,,,,,,,,5000000.0,,,,,,,,,,,,,,,,,,,,5000000.0,,,,,,,,,,ZBRA,,,,,,,,,,,,,,,,,,,,,,,,,5000000.0,,,,mid_cap
2024-12-31,-37130360.789653,0.242682,3687000000.0,2240000000.0,542000000.0,12945000000.0,3534000000.0,2992000000.0,65000000.0,54000000.0,119000000.0,2355869639.210347,2240000000.0,16710000000.0,2892000000.0,497000000.0,496000000.0,4.51,4.52,2240000000.0,2240000000.0,2240000000.0,2240000000.0,2240000000.0,713000000.0,2938000000.0,-153000000.0,,65000000.0,54000000.0,119000000.0,3026000000.0,3752000000.0,,3223000000.0,6778000000.0,12958000000.0,19736000000.0,19736000000.0,CTSH,-153000000.0,-153000000.0,-134000000.0,,-19000000.0,,,,134000000.0,,,529000000.0,529000000.0,,,,,,0.0,,15000000.0,23000000.0,,,,,,,mid_cap
2023-12-31,-54480000.0,0.24,3610000000.0,2126000000.0,555000000.0,12628000000.0,3383000000.0,2828000000.0,85000000.0,41000000.0,126000000.0,2298520000.0,2126000000.0,16435000000.0,2689000000.0,505000000.0,505000000.0,4.21,4.21,2126000000.0,2126000000.0,2126000000.0,2126000000.0,2126000000.0,668000000.0,2787000000.0,-216000000.0,11000000.0,85000000.0,41000000.0,126000000.0,2918000000.0,3771000000.0,,3252000000.0,6689000000.0,12664000000.0,19353000000.0,19353000000.0,CTSH,-227000000.0,-227000000.0,-229000000.0,,2000000.0,,,,229000000.0,,,519000000.0,519000000.0,,,,,,0.0,,7000000.0,71000000.0,,,,,1000000.0,,mid_cap
2022-12-31,1694297.082228,0.242042,3597000000.0,2290000000.0,569000000.0,12448000000.0,3604000000.0,3035000000.0,40000000.0,19000000.0,59000000.0,2284694297.082228,2290000000.0,16460000000.0,2968000000.0,519000000.0,518000000.0,4.41,4.42,2290000000.0,2290000000.0,2290000000.0,2290000000.0,2290000000.0,730000000.0,3016000000.0,8000000.0,1000000.0,40000000.0,19000000.0,59000000.0,2968000000.0,4012000000.0,,3443000000.0,6980000000.0,12448000000.0,19428000000.0,19428000000.0,CTSH,7000000.0,7000000.0,0.0,,7000000.0,,,,0.0,,,569000000.0,569000000.0,,,,,,,,4000000.0,,,,,,,,mid_cap
2024-12-31,0.0,0.165,544750000.0,358614000.0,69913000.0,169239000.0,544750000.0,474837000.0,-5026000.0,45421000.0,40395000.0,358614000.0,358614000.0,429004000.0,439512000.0,29711000.0,25325000.0,12.07,14.16,358614000.0,358614000.0,358614000.0,358614000.0,358614000.0,70802000.0,429416000.0,-5070000.0,-5070000.0,-5026000.0,45421000.0,40395000.0,439512000.0,259765000.0,196903000.0,62862000.0,699277000.0,169239000.0,868516000.0,866220000.0,IDCC,0.0,0.0,0.0,,,,62862000.0,62862000.0,0.0,,,,,,,,,,,,,,0.0,,,,0.0,,small_cap
2023-12-31,0.0,0.100409,357219000.0,214069000.0,77792000.0,79397000.0,357219000.0,279427000.0,1811000.0,44817000.0,46628000.0,214069000.0,214069000.0,327973000.0,221615000.0,28102000.0,26860000.0,7.62,7.97,214069000.0,214069000.0,214069000.0,211053000.0,211053000.0,23557000.0,234610000.0,11184000.0,11184000.0,1811000.0,44817000.0,46628000.0,221615000.0,248576000.0,195285000.0,53291000.0,470191000.0,79397000.0,549588000.0,548178000.0,IDCC,0.0,0.0,0.0,,,,53291000.0,53291000.0,0.0,,,,,,,,,,,,,,3016000.0,,,,0.0,,small_cap
2022-12-31,-3138861.206332,0.216922,240100000.0,93693000.0,78571000.0,71419000.0,225630000.0,147059000.0,-15044000.0,29496000.0,14452000.0,105024138.793668,93693000.0,303998000.0,150516000.0,30485000.0,30106000.0,3.07,3.11,93693000.0,93693000.0,93693000.0,92061000.0,92061000.0,25502000.0,117563000.0,-21189000.0,-6719000.0,-15044000.0,29496000.0,14452000.0,153796000.0,232579000.0,185202000.0,47377000.0,386375000.0,71419000.0,457794000.0,456687000.0,IDCC,-14470000.0,-14470000.0,-14470000.0,,,,47377000.0,47377000.0,853000.0,,,,,,,,,,,,,11190000.0,1632000.0,,,,2427000.0,,small_cap
2021-12-31,,,,,,,,,,,,,,,,,,,,,,,,,,,,,,,,,,,,,,,,IDCC,-27877000.0,-27877000.0,-27877000.0,,,,,,14649000.0,,,,,,,,,,,,,,,,,,13228000.0,,small_cap
2024-12-31,2531463.0,0.123,92152000.0,69614000.0,32903000.0,455676000.0,112733000.0,79830000.0,13693000.0,418000.0,14111000.0,51564463.0,69614000.0,719400000.0,64780000.0,78437000.0,77340000.0,0.89,0.9,69614000.0,69614000.0,69614000.0,69614000.0,69614000.0,9798000.0,79412000.0,21520000.0,939000.0,13693000.0,418000.0,14111000.0,44199000.0,263724000.0,121938000.0,141786000.0,307923000.0,455676000.0,763599000.0,763599000.0,FORM,20581000.0,20581000.0,20581000.0,,,,,,,,,,,,,,,,,,0.0,,,20581000.0,,,,,small_cap
2023-12-31,5617381.0,0.077,54188000.0,82387000.0,37453000.0,404522000.0,127141000.0,89688000.0,6796000.0,421000.0,7217000.0,15051381.0,82387000.0,653299000.0,82756000.0,78159000.0,77370000.0,1.05,1.06,82387000.0,82387000.0,82387000.0,82387000.0,82387000.0,6880000.0,89267000.0,72668000.0,-285000.0,6796000.0,421000.0,7217000.0,9803000.0,248777000.0,115765000.0,133012000.0,258580000.0,404522000.0,663102000.0,663102000.0,FORM,72953000.0,72953000.0,72953000.0,,,,,,,,,,,,,,,,,,0.0,,,72953000.0,,,,,small_cap
2022-12-31,0.0,0.123,96486000.0,50738000.0,38037000.0,451928000.0,96486000.0,58449000.0,1641000.0,579000.0,2220000.0,50738000.0,50738000.0,693025000.0,54912000.0,78201000.0,77578000.0,0.65,0.65,50738000.0,50738000.0,50738000.0,50738000.0,50738000.0,7132000.0,57870000.0,1317000.0,1317000.0,1641000.0,579000.0,2220000.0,54912000.0,241097000.0,109222000.0,131875000.0,296009000.0,451928000.0,747937000.0,747937000.0,FORM,0.0,0.0,0.0,,,,,,,,,,,,,,,,,,,,,0.0,,,,,small_cap
2024-12-31,-6363000.0,0.21,173200000.0,56300000.0,68500000.0,910200000.0,142900000.0,74400000.0,17700000.0,22000000.0,42900000.0,80237000.0,54200000.0,1415100000.0,36600000.0,37839000.0,37476000.0,1.43,1.45,54200000.0,54200000.0,54200000.0,54200000.0,56300000.0,-3900000.0,52400000.0,-32300000.0,-2000000.0,17700000.0,22000000.0,42900000.0,66900000.0,462400000.0,211800000.0,224600000.0,529300000.0,952700000.0,1482000000.0,1482000000.0,AEIS,-30300000.0,-30300000.0,-30300000.0,0.0,,,,,28100000.0,,,26000000.0,26000000.0,26000000.0,26000000.0,,,-2100000.0,,,,2200000.0,0.0,,3200000.0,,,,small_cap
2023-12-31,-5670000.0,0.21,231200000.0,130800000.0,66500000.0,1025200000.0,204200000.0,137700000.0,10600000.0,15200000.0,27100000.0,152130000.0,128300000.0,1515100000.0,113700000.0,37854000.0,37575000.0,0.86,0.87,128300000.0,128300000.0,128300000.0,128300000.0,130800000.0,-8300000.0,122500000.0,-28700000.0,-1700000.0,10600000.0,15200000.0,27100000.0,140700000.0,451700000.0,202400000.0,221000000.0,592400000.0,1063400000.0,1655800000.0,1655800000.0,AEIS,-27000000.0,-27000000.0,-27000000.0,1400000.0,,,,,25100000.0,,,28300000.0,28300000.0,28300000.0,28300000.0,,,-2500000.0,,,,500000.0,0.0,,1300000.0,,,,small_cap
2022-12-31,-1124310.0,0.165,316176000.0,201875000.0,60296000.0,1135734000.0,309362000.0,249066000.0,-3178000.0,7325000.0,4147000.0,207564690.0,199660000.0,1605513000.0,233095000.0,37721000.0,37463000.0,5.29,5.33,199660000.0,199660000.0,199660000.0,199676000.0,201891000.0,39850000.0,241741000.0,5010000.0,11824000.0,-3178000.0,7325000.0,4147000.0,239909000.0,435597000.0,191020000.0,218463000.0,675506000.0,1169916000.0,1845422000.0,1845422000.0,AEIS,-6814000.0,-6814000.0,-6814000.0,0.0,,,,,6814000.0,,,26114000.0,26114000.0,26114000.0,26114000.0,,,-2215000.0,,,,,-16000.0,,,,,,small_cap
2021-12-31,,,,,,,,,,,,,,,,,,,,,,,,,,,,,,,,,,,,,,,,AEIS,,,,,,,,,,,,,,,,,,,,,,,-44000.0,,,,,,small_cap
2024-12-31,-14426258.799986,0.329367,325389000.0,56299000.0,150125000.0,1850803000.0,281589000.0,131464000.0,-47515000.0,47515000.0,,85672741.200014,56299000.0,2282910000.0,116043000.0,104098000.0,101781000.0,0.54,0.55,56299000.0,56299000.0,56299000.0,56299000.0,56299000.0,27650000.0,83949000.0,-28379000.0,15421000.0,-47515000.0,47515000.0,,159843000.0,317532000.0,31845000.0,250137000.0,477375000.0,1965378000.0,2442753000.0,2442753000.0,TTMI,-43800000.0,-43800000.0,-43800000.0,,,80030000.0,170107000.0,170107000.0,11200000.0,,,35550000.0,35550000.0,35550000.0,35550000.0,,,,0.0,,,,,0.0,,,32600000.0,,small_cap
2023-12-31,-14350560.0,0.21,277488000.0,-18718000.0,160731000.0,1707243000.0,209152000.0,48421000.0,-48124000.0,48124000.0,,35267440.0,-18718000.0,2121799000.0,42316000.0,102744000.0,102744000.0,-0.18,-0.18,-18718000.0,-18718000.0,-18718000.0,-18718000.0,-18718000.0,19015000.0,297000.0,-62347000.0,5989000.0,-48124000.0,48124000.0,,110768000.0,302500000.0,27272000.0,226553000.0,413268000.0,1819299000.0,2232567000.0,2232567000.0,TTMI,-68336000.0,-68336000.0,-68336000.0,,,76922000.0,149631000.0,149631000.0,24352000.0,,,48675000.0,48675000.0,48675000.0,48675000.0,,,,0.0,,,1154000.0,,1270000.0,,,44100000.0,,small_cap
2022-12-31,10019100.0,0.21,314577000.0,94583000.0,133907000.0,1940271000.0,362287000.0,228380000.0,-45517000.0,45517000.0,,56892100.0,94583000.0,2332348000.0,210408000.0,103866000.0,102074000.0,0.91,0.93,94583000.0,94583000.0,94583000.0,94583000.0,94583000.0,88280000.0,182863000.0,65682000.0,17972000.0,-45517000.0,45517000.0,,162698000.0,295267000.0,24808000.0,233362000.0,457965000.0,2037081000.0,2495046000.0,2495046000.0,TTMI,47710000.0,47710000.0,47710000.0,,,75182000.0,158180000.0,158180000.0,4094000.0,,,37097000.0,37097000.0,37097000.0,37097000.0,,,0.0,51804000.0,,,,,0.0,,,0.0,,small_cap
2021-12-31,,,,,,,,,,,,,,,,,,,,,,,,,,,,,,,,,,,,,,,,TTMI,,,,,,,,,,,,,,,,,,0.0,0.0,,,15217000.0,,,,,,,small_cap
2024-10-31,557176.0,0.257,328386000.0,130688000.0,82805000.0,551000000.0,330554000.0,247749000.0,23729000.0,334000.0,24063000.0,129077176.0,130688000.0,645428000.0,221518000.0,62391000.0,61726000.0,2.09,2.12,130688000.0,130688000.0,130688000.0,183848000.0,183848000.0,63567000.0,247415000.0,2168000.0,,23729000.0,334000.0,24063000.0,221518000.0,94428000.0,16576000.0,77760000.0,315946000.0,551000000.0,866946000.0,866946000.0,PLAB,2168000.0,2168000.0,,,2168000.0,,,,,,92000.0,,,,,,0.0,,,,,,-53160000.0,,,,,,small_cap
2023-10-31,641160.0,0.26,348748000.0,125485000.0,80835000.0,555914000.0,351214000.0,270379000.0,14430000.0,433000.0,14863000.0,123660160.0,125485000.0,639026000.0,253050000.0,61755000.0,61139000.0,2.03,2.05,125485000.0,125485000.0,125485000.0,199634000.0,199634000.0,70312000.0,269946000.0,2466000.0,,14430000.0,433000.0,14863000.0,253050000.0,83112000.0,13654000.0,69458000.0,336162000.0,555914000.0,892076000.0,892076000.0,PLAB,2466000.0,2466000.0,,,2466000.0,,,,,,,,,,,,0.0,,,,,,-74149000.0,,,,,,small_cap
2022-10-31,6839746.411583,0.250137,293876000.0,118786000.0,80330000.0,530336000.0,321220000.0,240890000.0,-177000.0,1857000.0,1680000.0,98281746.411583,118786000.0,612683000.0,211866000.0,61189000.0,60559000.0,1.94,1.96,118786000.0,118786000.0,118786000.0,179242000.0,179242000.0,59791000.0,239033000.0,27344000.0,,-177000.0,1857000.0,1680000.0,211866000.0,82347000.0,18341000.0,63989000.0,294213000.0,530336000.0,824549000.0,824549000.0,PLAB,27344000.0,27344000.0,,,27344000.0,,,,,,17000.0,,,,,,0.0,,,,,,-60456000.0,,,,,,small_cap
2021-10-31,,,,,,,,,,,,,,,,,,,,,,,,,,,,,,,,,,,,,,,,PLAB,,,,,,,,,,,-3525000.0,,,,,,0.0,,,,,,,,,,,,small_cap
2024-12-31,-562170.0,0.21,-9164000.0,-69818000.0,52487000.0,208085000.0,-11841000.0,-64328000.0,9358000.0,618000.0,9976000.0,-67703170.0,-69818000.0,473406000.0,-71668000.0,46908000.0,46908000.0,-1.49,-1.49,-69818000.0,-69818000.0,-69818000.0,-69818000.0,-69818000.0,4872000.0,-64946000.0,-2677000.0,,9358000.0,618000.0,9976000.0,-71627000.0,251921000.0,84797000.0,128037000.0,180294000.0,221485000.0,401779000.0,401779000.0,COHU,-2677000.0,-2677000.0,-282000.0,,-2395000.0,,,,41000.0,,,39087000.0,39087000.0,39087000.0,39087000.0,,,,,,,241000.0,,,,,,,small_cap
2023-12-31,-3087614.0,0.386,106941000.0,28156000.0,49744000.0,320065000.0,98942000.0,49198000.0,8122000.0,3382000.0,11504000.0,33067386.0,28156000.0,590629000.0,43272000.0,48025000.0,47486000.0,0.59,0.59,28156000.0,28156000.0,28156000.0,28156000.0,28156000.0,17660000.0,45816000.0,-7999000.0,,8122000.0,3382000.0,11504000.0,45693000.0,257175000.0,88571000.0,132249000.0,302868000.0,333454000.0,636322000.0,636322000.0,COHU,-7999000.0,-7999000.0,-2790000.0,,-5209000.0,,,,2421000.0,,,36355000.0,36355000.0,36355000.0,36355000.0,,,,,,,369000.0,,0.0,,,0.0,,small_cap
2022-12-31,169239.821647,0.23571,176190000.0,96847000.0,46016000.0,416618000.0,176908000.0,130892000.0,-165000.0,4177000.0,4012000.0,96298239.821647,96847000.0,686613000.0,125557000.0,48799000.0,48178000.0,1.98,2.01,96847000.0,96847000.0,96847000.0,96847000.0,96847000.0,29868000.0,126715000.0,718000.0,,-165000.0,4177000.0,4012000.0,126162000.0,257164000.0,92589000.0,131390000.0,383326000.0,429449000.0,812775000.0,812775000.0,COHU,718000.0,718000.0,-917000.0,,1635000.0,,,,605000.0,,,33185000.0,33185000.0,33185000.0,33185000.0,,,0.0,0.0,,,312000.0,,0.0,,,0.0,,small_cap
2021-12-31,,,,,,,,,,,,,,,,,,,,,,,,,,,,,,,,,,,,,,,,COHU,,,,,,,,,,,,,,,,,,0.0,0.0,,,3411000.0,0.0,70815000.0,,,100000.0,,small_cap
2024-09-30,-145830.0,0.015,81612000.0,22505000.0,33617000.0,174140000.0,71890000.0,38273000.0,-15415000.0,15415000.0,,32081170.0,22505000.0,375957000.0,48089000.0,36984000.0,36316000.0,0.61,0.62,22505000.0,22505000.0,22505000.0,22505000.0,22505000.0,353000.0,22858000.0,-9816000.0,-94000.0,-15415000.0,15415000.0,,48089000.0,201817000.0,60289000.0,141528000.0,249906000.0,174140000.0,424046000.0,424046000.0,DGII,-9722000.0,-9722000.0,-9722000.0,,,83278000.0,58250000.0,58250000.0,0.0,,,,,,,,,,,,,9722000.0,,,,,,,small_cap
2023-09-30,0.0,0.006,84110000.0,24770000.0,33956000.0,192646000.0,84110000.0,50154000.0,-25236000.0,25236000.0,,24770000.0,24770000.0,394754000.0,50095000.0,36869000.0,35820000.0,0.67,0.69,24770000.0,24770000.0,24770000.0,24770000.0,24770000.0,148000.0,24918000.0,59000.0,59000.0,-25236000.0,25236000.0,,50095000.0,202108000.0,58648000.0,143460000.0,252203000.0,192646000.0,444849000.0,444849000.0,DGII,0.0,0.0,0.0,,,81681000.0,61779000.0,61779000.0,0.0,,,,,,,,,,,,,,,,,,,,small_cap
2022-09-30,1302000.0,0.21,69690000.0,19383000.0,37572000.0,171939000.0,75890000.0,38318000.0,-19690000.0,19690000.0,11000.0,14485000.0,19383000.0,356205000.0,38220000.0,35995000.0,35031000.0,0.54,0.55,19383000.0,19383000.0,19383000.0,19383000.0,19383000.0,-755000.0,18628000.0,6298000.0,98000.0,-19690000.0,19690000.0,11000.0,32020000.0,184266000.0,55098000.0,129168000.0,216286000.0,171939000.0,388225000.0,388225000.0,DGII,6200000.0,6200000.0,6200000.0,,,70366000.0,58802000.0,58802000.0,-6200000.0,,,,,,,,,,,,,,,,,,,,small_cap
2021-09-30,,,,,,,,,,,10000.0,,,,,,,,,,,,,,,,,,,,10000.0,,,,,,,,,DGII,,,,,,,,,5772000.0,,,,,,,,,,,,,,,,,,,,small_cap
2024-12-31,-791095.0,0.205,86202000.0,40960000.0,16457000.0,332434000.0,82343000.0,65886000.0,676000.0,4078000.0,4754000.0,44027905.0,40960000.0,466636000.0,64297000.0,12615000.0,12615000.0,3.1,3.1,40960000.0,40960000.0,40960000.0,49192000.0,49192000.0,12616000.0,61808000.0,-7024000.0,-3165000.0,676000.0,4078000.0,4754000.0,68156000.0,134202000.0,23586000.0,110616000.0,202358000.0,332434000.0,534792000.0,534792000.0,BELFB,-3859000.0,-3859000.0,-3859000.0,0.0,,,,,3459000.0,,,,,,,,,,0.0,,,,-8232000.0,0.0,,,400000.0,,small_cap
2023-12-31,-605910.0,0.114,104777000.0,73831000.0,13312000.0,423964000.0,99462000.0,86150000.0,-1153000.0,2850000.0,1697000.0,78540090.0,73831000.0,545542000.0,87976000.0,12776000.0,12776000.0,5.83,5.83,73831000.0,73831000.0,73831000.0,73831000.0,73831000.0,9469000.0,83300000.0,-9818000.0,-4503000.0,-1153000.0,2850000.0,1697000.0,94271000.0,121578000.0,22487000.0,99091000.0,215849000.0,423964000.0,639813000.0,639813000.0,BELFB,-5315000.0,-5315000.0,-5315000.0,0.0,,,,,10114000.0,,,,,,,,,,3819000.0,,,,0.0,980000.0,,,0.0,,small_cap
2022-12-31,-618408.0,0.108,83027000.0,52689000.0,14863000.0,470780000.0,77301000.0,62438000.0,-3202000.0,3379000.0,177000.0,57796592.0,52689000.0,583360000.0,65147000.0,12537000.0,12537000.0,4.24,4.24,52689000.0,52689000.0,52689000.0,52689000.0,52689000.0,6370000.0,59059000.0,-8612000.0,-2886000.0,-3202000.0,3379000.0,177000.0,70873000.0,112580000.0,20238000.0,92342000.0,183453000.0,470780000.0,654233000.0,654233000.0,BELFB,-5726000.0,-5726000.0,-5726000.0,,,,,,7322000.0,,,,,,,,,,1596000.0,,,,0.0,0.0,,,0.0,,small_cap
2024-07-31,-5362119.0,0.081,22063000.0,-99985000.0,33313000.0,371065000.0,-44136000.0,-77449000.0,-22831000.0,22831000.0,,-39148119.0,-99985000.0,551653000.0,-79890000.0,28799000.0,28799000.0,-4.7,-4.7,-135440000.0,-135440000.0,-99985000.0,-99985000.0,-99985000.0,-295000.0,-100280000.0,-66199000.0,,-22831000.0,22831000.0,,-11250000.0,168429000.0,24077000.0,123198000.0,157179000.0,383224000.0,540403000.0,540403000.0,CMTL,-66199000.0,-66199000.0,-70472000.0,1832000.0,4273000.0,,,,2916000.0,,,21154000.0,21154000.0,21154000.0,21154000.0,,,,,,,,,-1199000.0,,11551000.0,64525000.0,23904000.0,small_cap
2023-07-31,-1163520.0,0.128,27748000.0,-26899000.0,33318000.0,353612000.0,18658000.0,-14660000.0,-16187000.0,16187000.0,,-18972520.0,-26899000.0,555564000.0,-14660000.0,28002000.0,28002000.0,-1.21,-1.21,-33906000.0,-33906000.0,-26899000.0,-26899000.0,-26899000.0,-3948000.0,-30847000.0,-9090000.0,,-16187000.0,16187000.0,,-5570000.0,190030000.0,48631000.0,120003000.0,184460000.0,365534000.0,549994000.0,549994000.0,CMTL,-9090000.0,-9090000.0,-9090000.0,0.0,,,,,9090000.0,,,21396000.0,21396000.0,21396000.0,21396000.0,,,,,,,,,0.0,,7007000.0,0.0,0.0,small_cap
2022-07-31,-2593873.0,0.109,23463000.0,-33052000.0,31710000.0,296089000.0,-334000.0,-32044000.0,-4328000.0,5031000.0,703000.0,-11848873.0,-33052000.0,495189000.0,-33752000.0,26506000.0,26506000.0,-1.63,-1.63,-43268000.0,-43268000.0,-33052000.0,-33052000.0,-33052000.0,-4023000.0,-37075000.0,-23797000.0,,-4328000.0,5031000.0,703000.0,-8950000.0,188786000.0,52532000.0,114858000.0,179836000.0,306403000.0,486239000.0,486239000.0,CMTL,-23797000.0,-23797000.0,-24802000.0,0.0,1005000.0,,,,13554000.0,,,21396000.0,21396000.0,21396000.0,21396000.0,,,,,,,11248000.0,,0.0,,5204000.0,0.0,5012000.0,small_cap
2021-07-31,,,,,,,,,,,139000.0,,,,,,,,,,,,,,,,,,,,139000.0,,,,,,,,,CMTL,,,,,,,,,,,,,,,,,,,,,,,,,,,,,small_cap
2024-12-31,-864248.0,0.184,108436000.0,55472000.0,30922000.0,327201000.0,103739000.0,72817000.0,46000.0,4236000.0,4282000.0,59304752.0,55472000.0,438874000.0,71185000.0,30717000.0,30408000.0,1.81,1.82,55472000.0,55472000.0,55472000.0,55472000.0,55472000.0,13109000.0,68581000.0,-7347000.0,-2650000.0,46000.0,4236000.0,4282000.0,75882000.0,111673000.0,23388000.0,88285000.0,187555000.0,327201000.0,514756000.0,514756000.0,CTS,-4697000.0,-4697000.0,-4697000.0,,,,,,4697000.0,,,,,,,,,,,,,,,,,,,,small_cap
2023-12-31,-1376245.179833,0.19455,114268000.0,60532000.0,28710000.0,359563000.0,107194000.0,78484000.0,1294000.0,3331000.0,4625000.0,66229754.820167,60532000.0,468297000.0,75051000.0,31579000.0,31359000.0,1.92,1.93,60532000.0,60532000.0,60532000.0,60532000.0,60532000.0,14621000.0,75153000.0,-8266000.0,-1192000.0,1294000.0,3331000.0,4625000.0,82125000.0,108734000.0,24918000.0,83816000.0,190859000.0,359563000.0,550422000.0,550422000.0,CTS,-7074000.0,-7074000.0,-7074000.0,,,,,,7074000.0,,,,,,,,,,,,,,,,,,,,small_cap
2022-12-31,-500944.0,0.262,114594000.0,59575000.0,29753000.0,376331000.0,112682000.0,82929000.0,-866000.0,2192000.0,1326000.0,60986056.0,59575000.0,491951000.0,93006000.0,32238000.0,31968000.0,1.85,1.86,59575000.0,59575000.0,59575000.0,59575000.0,59575000.0,21162000.0,80737000.0,-13315000.0,-11403000.0,-866000.0,2192000.0,1326000.0,94918000.0,115620000.0,24100000.0,91520000.0,210538000.0,376331000.0,586869000.0,586869000.0,CTS,-1912000.0,-1912000.0,-1912000.0,,,,,,1912000.0,,,,,,,,,,,,,,,,,,,,small_cap
2021-12-31,,,,,,,,,,,,,,,,,,,,,,,,,,,,,,,,,,,,,,,,CTS,,,,,,,,,,,,,,,,,,,0.0,,,,,,,,,,small_cap
