end_date,Treasury Shares Number,Ordinary Shares Number,Share Issued,Net Debt,Total Debt,Tangible Book Value,Invested Capital,Working Capital,Net Tangible Assets,Capital Lease Obligations,Common Stock Equity,Total Capitalization,Total Equity Gross Minority Interest,Stockholders Equity,Gains Losses Not Affecting Retained Earnings,Other Equity Adjustments,Retained Earnings,Capital Stock,Common Stock,Total Liabilities Net Minority Interest,Total Non Current Liabilities Net Minority Interest,Other Non Current Liabilities,Tradeand Other Payables Non Current,Long Term Debt And Capital Lease Obligation,Long Term Capital Lease Obligation,Long Term Debt,Current Liabilities,Other Current Liabilities,Current Deferred Liabilities,Current Deferred Revenue,Current Debt And Capital Lease Obligation,Current Capital Lease Obligation,Current Debt,Other Current Borrowings,Commercial Paper,Payables And Accrued Expenses,Current Accrued Expenses,Payables,Total Tax Payable,Income Tax Payable,Accounts Payable,Total Assets,Total Non Current Assets,Other Non Current Assets,Non Current Deferred Assets,Non Current Deferred Taxes Assets,Investments And Advances,Other Investments,Investmentin Financial Assets,Available For Sale Securities,Net PPE,Accumulated Depreciation,Gross PPE,Leases,Other Properties,Machinery Furniture Equipment,Land And Improvements,Properties,Current Assets,Other Current Assets,Inventory,Receivables,Other Receivables,Accounts Receivable,Cash Cash Equivalents And Short Term Investments,Other Short Term Investments,Cash And Cash Equivalents,Cash Equivalents,Cash Financial,ticker,Non Current Deferred Liabilities,Non Current Deferred Revenue,Non Current Deferred Taxes Liabilities,Pensionand Other Post Retirement Benefit Plans Current,Financial Assets,Long Term Equity Investment,Goodwill And Other Intangible Assets,Other Intangible Assets,Goodwill,Buildings And Improvements,Hedging Assets Current,Finished Goods,Work In Process,Raw Materials,Allowance For Doubtful Accounts Receivable,Gross Accounts Receivable,Treasury Stock,Additional Paid In Capital,Preferred Stock,Current Provisions,Non Current Prepaid Assets,Non Current Accounts Receivable,Construction In Progress,Prepaid Assets,Minority Interest,Derivative Product Liabilities,Non Current Note Receivables,Other Inventories,Loans Receivable,Other Equity Interest,Liabilities Heldfor Sale Non Current,Employee Benefits,Non Current Pension And Other Postretirement Benefit Plans,Non Current Accrued Expenses,Long Term Provisions,Defined Pension Benefit,Investments In Other Ventures Under Equity Method,Assets Held For Sale Current,Current Deferred Assets,Restricted Cash,Dueto Related Parties Current,Duefrom Related Parties Current,Line Of Credit,Held To Maturity Securities,Interest Payable,Inventories Adjustments Allowances,Foreign Currency Translation Adjustments,Minimum Pension Liabilities,Preferred Securities Outside Stock Equity,Dividends Payable,Taxes Receivable,Current Deferred Taxes Assets,Preferred Stock Equity,Receivables Adjustments Allowances,cap_group
2024-09-30,,15116786000.0,15116786000.0,76686000000.0,106629000000.0,56950000000.0,163579000000.0,-23405000000.0,56950000000.0,,56950000000.0,142700000000.0,56950000000.0,56950000000.0,-7172000000.0,-7172000000.0,-19154000000.0,83276000000.0,83276000000.0,308030000000.0,131638000000.0,45888000000.0,9254000000.0,85750000000.0,,85750000000.0,176392000000.0,44024000000.0,8249000000.0,8249000000.0,20879000000.0,,20879000000.0,10912000000.0,9967000000.0,103240000000.0,,95561000000.0,26601000000.0,26601000000.0,68960000000.0,364980000000.0,211993000000.0,55335000000.0,19499000000.0,19499000000.0,91479000000.0,,91479000000.0,91479000000.0,45680000000.0,-73448000000.0,119128000000.0,14233000000.0,,80205000000.0,24690000000.0,0.0,152987000000.0,14287000000.0,7286000000.0,66243000000.0,32833000000.0,33410000000.0,65171000000.0,35228000000.0,29943000000.0,2744000000.0,27199000000.0,AAPL,,,,,,,,,,,,,,,,,,,,,,,,,,,,,,,,,,,,,,,,,,,,,,,,,,,,,,,large_cap
2023-09-30,0.0,15550061000.0,15550061000.0,81123000000.0,111088000000.0,62146000000.0,173234000000.0,-1742000000.0,62146000000.0,12842000000.0,62146000000.0,157427000000.0,62146000000.0,62146000000.0,-11452000000.0,-11452000000.0,-214000000.0,73812000000.0,73812000000.0,290437000000.0,145129000000.0,34391000000.0,15457000000.0,95281000000.0,11267000000.0,95281000000.0,145308000000.0,50010000000.0,8061000000.0,8061000000.0,15807000000.0,1575000000.0,15807000000.0,9822000000.0,5985000000.0,71430000000.0,,71430000000.0,8819000000.0,8819000000.0,62611000000.0,352583000000.0,209017000000.0,46906000000.0,17852000000.0,17852000000.0,100544000000.0,,100544000000.0,100544000000.0,43715000000.0,-70884000000.0,114599000000.0,12839000000.0,10661000000.0,78314000000.0,23446000000.0,0.0,143566000000.0,14695000000.0,6331000000.0,60985000000.0,31477000000.0,29508000000.0,61555000000.0,31590000000.0,29965000000.0,1606000000.0,28359000000.0,AAPL,,,,,,,,,,,,,,,,,,,,,,,,,,,,,,,,,,,,,,,,,,,,,,,,,,,,,,,large_cap
2022-09-30,,15943425000.0,15943425000.0,96423000000.0,132480000000.0,50672000000.0,170741000000.0,-18577000000.0,50672000000.0,12411000000.0,50672000000.0,149631000000.0,50672000000.0,50672000000.0,-11109000000.0,-11109000000.0,-3068000000.0,64849000000.0,64849000000.0,302083000000.0,148101000000.0,21737000000.0,16657000000.0,109707000000.0,10748000000.0,98959000000.0,153982000000.0,52630000000.0,7912000000.0,7912000000.0,22773000000.0,1663000000.0,21110000000.0,11128000000.0,9982000000.0,70667000000.0,,70667000000.0,6552000000.0,6552000000.0,64115000000.0,352755000000.0,217350000000.0,39053000000.0,15375000000.0,15375000000.0,120805000000.0,120805000000.0,120805000000.0,120805000000.0,42117000000.0,-72340000000.0,114457000000.0,11271000000.0,10417000000.0,81060000000.0,22126000000.0,0.0,135405000000.0,21223000000.0,4946000000.0,60932000000.0,32748000000.0,28184000000.0,48304000000.0,24658000000.0,23646000000.0,5100000000.0,18546000000.0,AAPL,,,,,,,,,,,,,,,,,,,,,,,,,,,,,,,,,,,,,,,,,,,,,,,,,,,,,,,large_cap
2021-09-30,,,,,,,,,,11803000000.0,,,,,,,,,,,,,24689000000.0,,10275000000.0,,,,,,,1528000000.0,,,,,,,,,,,,,,,,127877000000.0,,,,,,,10087000000.0,,,,,,,,,,,,,,,AAPL,,,,,,,,,,,,,,,,,,,,,,,,,,,,,,,,,,,,,,,,,,,,,,,,,,,,,,,large_cap
2024-06-30,,7434138859.0,7434138859.0,33315000000.0,67127000000.0,121660000000.0,320107000000.0,34448000000.0,121660000000.0,15497000000.0,268477000000.0,311165000000.0,268477000000.0,268477000000.0,-5590000000.0,-5590000000.0,173144000000.0,100923000000.0,100923000000.0,243686000000.0,118400000000.0,27064000000.0,27931000000.0,58185000000.0,15497000000.0,42688000000.0,125286000000.0,19185000000.0,57582000000.0,57582000000.0,8942000000.0,,8942000000.0,2249000000.0,6693000000.0,27013000000.0,,27013000000.0,5017000000.0,5017000000.0,21996000000.0,512163000000.0,352429000000.0,36460000000.0,,,14600000000.0,,1500000000.0,1500000000.0,154552000000.0,-76421000000.0,230973000000.0,9594000000.0,18961000000.0,100312000000.0,8163000000.0,0.0,159734000000.0,26021000000.0,1246000000.0,56924000000.0,,56924000000.0,75531000000.0,57216000000.0,18315000000.0,6744000000.0,11571000000.0,MSFT,5220000000.0,2602000000.0,2618000000.0,12564000000.0,0.0,13100000000.0,146817000000.0,27597000000.0,119220000000.0,93943000000.0,12000000.0,845000000.0,7000000.0,394000000.0,-830000000.0,57754000000.0,,,,,,,,,,,,,,,,,,,,,,,,,,,,,,,,,,,,,,,large_cap
2023-06-30,,7432000000.0,7432000000.0,12533000000.0,59965000000.0,128971000000.0,253460000000.0,80108000000.0,128971000000.0,12728000000.0,206223000000.0,248213000000.0,206223000000.0,206223000000.0,-6343000000.0,-6343000000.0,118848000000.0,93718000000.0,93718000000.0,205753000000.0,101604000000.0,17981000000.0,25560000000.0,54718000000.0,12728000000.0,41990000000.0,104149000000.0,14745000000.0,50901000000.0,50901000000.0,5247000000.0,,5247000000.0,5247000000.0,0.0,22247000000.0,,22247000000.0,4152000000.0,4152000000.0,18095000000.0,411976000000.0,227719000000.0,30601000000.0,,,9879000000.0,,0.0,,109987000000.0,-68251000000.0,178238000000.0,8537000000.0,14346000000.0,81207000000.0,5683000000.0,0.0,184257000000.0,21807000000.0,2500000000.0,48688000000.0,,48688000000.0,111256000000.0,76552000000.0,34704000000.0,26226000000.0,8478000000.0,MSFT,3345000000.0,2912000000.0,433000000.0,11009000000.0,0.0,9879000000.0,77252000000.0,9366000000.0,67886000000.0,68465000000.0,6000000.0,1768000000.0,23000000.0,709000000.0,-650000000.0,49338000000.0,,,,,,,,,,,,,,,,,,,,,,,,,,,,,,,,,,,,,,,large_cap
2022-06-30,,7464000000.0,7464000000.0,35850000000.0,61270000000.0,87720000000.0,216323000000.0,74602000000.0,87720000000.0,11489000000.0,166542000000.0,213574000000.0,166542000000.0,166542000000.0,-4678000000.0,-4678000000.0,84281000000.0,86939000000.0,86939000000.0,198298000000.0,103216000000.0,15526000000.0,26069000000.0,58521000000.0,11489000000.0,47032000000.0,95082000000.0,13067000000.0,45538000000.0,45538000000.0,2749000000.0,,2749000000.0,,,23067000000.0,,23067000000.0,4067000000.0,4067000000.0,19000000000.0,364840000000.0,195156000000.0,21897000000.0,,,6891000000.0,,0.0,,87546000000.0,-59660000000.0,147206000000.0,7819000000.0,13148000000.0,66491000000.0,4734000000.0,0.0,169684000000.0,16924000000.0,3742000000.0,44261000000.0,,44261000000.0,104749000000.0,90818000000.0,13931000000.0,5673000000.0,8258000000.0,MSFT,3100000000.0,2870000000.0,230000000.0,10661000000.0,0.0,6891000000.0,78822000000.0,11298000000.0,67524000000.0,55014000000.0,8000000.0,2516000000.0,82000000.0,1144000000.0,-633000000.0,44894000000.0,,,,,,,,,,,,,,,,,,,,,,,,,,,,,,,,,,,,,,,large_cap
2021-06-30,,,,,,,,,,,,,,,,,,,,,,,,,,,,,,,,,,,,,,,,,,,,,,,,,,,,,,,,,,,,,,,,,,,,,,MSFT,,,,,,,,,,,,1367000000.0,79000000.0,1190000000.0,,,,,,,,,,,,,,,,,,,,,,,,,,,,,,,,,,,,,,,,,large_cap
2024-01-31,,24640000000.0,24640000000.0,2429000000.0,11056000000.0,37436000000.0,52687000000.0,33714000000.0,37436000000.0,1347000000.0,42978000000.0,51437000000.0,42978000000.0,42978000000.0,27000000.0,27000000.0,29817000000.0,25000000.0,25000000.0,22750000000.0,12119000000.0,65000000.0,1441000000.0,9578000000.0,1119000000.0,8459000000.0,10631000000.0,199000000.0,764000000.0,764000000.0,1478000000.0,228000000.0,1250000000.0,1250000000.0,,7775000000.0,4780000000.0,2995000000.0,296000000.0,,2699000000.0,65728000000.0,21383000000.0,357000000.0,6081000000.0,6081000000.0,1321000000.0,1546000000.0,1321000000.0,1321000000.0,5260000000.0,-3509000000.0,8769000000.0,,1346000000.0,5200000000.0,218000000.0,0.0,44345000000.0,3080000000.0,5282000000.0,9999000000.0,,9999000000.0,25984000000.0,18704000000.0,7280000000.0,,,NVDA,1035000000.0,573000000.0,462000000.0,,,,5542000000.0,1112000000.0,4430000000.0,1816000000.0,,2058000000.0,1505000000.0,1719000000.0,,,,13109000000.0,0.0,415000000.0,2822000000.0,,189000000.0,,,,,,,,,,,,,,,,,,,,,,,,,,,,,,,,large_cap
2023-01-31,,24661365720.0,24661365720.0,7564000000.0,12031000000.0,16053000000.0,33054000000.0,16510000000.0,16053000000.0,1078000000.0,22101000000.0,31804000000.0,22101000000.0,22101000000.0,-43000000.0,-43000000.0,10171000000.0,2000000.0,2000000.0,19081000000.0,12518000000.0,63000000.0,1385000000.0,10605000000.0,902000000.0,9703000000.0,6563000000.0,69000000.0,354000000.0,354000000.0,1426000000.0,176000000.0,1250000000.0,1250000000.0,,4606000000.0,2946000000.0,1660000000.0,467000000.0,,1193000000.0,41182000000.0,18109000000.0,145000000.0,3396000000.0,3396000000.0,299000000.0,299000000.0,,,4845000000.0,-2694000000.0,7539000000.0,,1038000000.0,4303000000.0,218000000.0,0.0,23073000000.0,791000000.0,5159000000.0,3827000000.0,,3827000000.0,13296000000.0,9907000000.0,3389000000.0,,,NVDA,465000000.0,218000000.0,247000000.0,,,,6048000000.0,1676000000.0,4372000000.0,1598000000.0,,2263000000.0,466000000.0,2430000000.0,,,,11971000000.0,0.0,108000000.0,3376000000.0,,382000000.0,,,,,,,,,,,,,,,,,,,,,,,,,,,,,,,,large_cap
2022-01-31,,,,8956000000.0,,,,,,,,,,,,,,,,,,,,,,,,,,,,144000000.0,,,,,,,,,,,,,,,,266000000.0,,,,,,,,,,,,,,,,,,,,,,NVDA,,,,,,,,,,,,,,,,,0.0,,,,3509000000.0,,,366000000.0,,,,,,,,,,,,,,,,,,,,,,,,,,,,,,,large_cap
2024-05-31,,2755000000.0,2755000000.0,76415000000.0,93124000000.0,-60416000000.0,95573000000.0,-8990000000.0,-60416000000.0,6255000000.0,8704000000.0,84968000000.0,9239000000.0,8704000000.0,-1432000000.0,-1432000000.0,-22628000000.0,32764000000.0,32764000000.0,131737000000.0,100193000000.0,6857000000.0,10817000000.0,82519000000.0,6255000000.0,76264000000.0,31544000000.0,7353000000.0,9313000000.0,9313000000.0,10605000000.0,,10605000000.0,,,2357000000.0,,2357000000.0,,,2357000000.0,140976000000.0,118422000000.0,15493000000.0,12273000000.0,12273000000.0,,,,,21536000000.0,-13282000000.0,34818000000.0,,,21452000000.0,1239000000.0,0.0,22554000000.0,4019000000.0,,7874000000.0,,7874000000.0,10661000000.0,207000000.0,10454000000.0,,,ORCL,3692000000.0,,3692000000.0,1916000000.0,,,69120000000.0,6890000000.0,62230000000.0,6493000000.0,,,,,-485000000.0,8359000000.0,,,0.0,,,,5634000000.0,,535000000.0,,,,,,,,,,,,,,,,,,,,,,,,,,,,,,large_cap
2023-05-31,,2713000000.0,2713000000.0,80716000000.0,90481000000.0,-71025000000.0,91554000000.0,-2086000000.0,-71025000000.0,,1073000000.0,87493000000.0,1556000000.0,1073000000.0,-1522000000.0,-1522000000.0,-27620000000.0,30215000000.0,30215000000.0,132828000000.0,109738000000.0,6469000000.0,11077000000.0,86420000000.0,,86420000000.0,23090000000.0,6802000000.0,8970000000.0,8970000000.0,4061000000.0,,4061000000.0,4061000000.0,,1204000000.0,,1204000000.0,,,1204000000.0,134384000000.0,113380000000.0,11987000000.0,12226000000.0,12226000000.0,,,,,17069000000.0,-11605000000.0,28674000000.0,,,17705000000.0,1243000000.0,0.0,21004000000.0,3902000000.0,,6915000000.0,,6915000000.0,10187000000.0,422000000.0,9765000000.0,,,ORCL,5772000000.0,,5772000000.0,2053000000.0,,,72098000000.0,9837000000.0,62261000000.0,5880000000.0,,,,,-428000000.0,7343000000.0,,,0.0,,,,3846000000.0,,483000000.0,-52000000.0,,,,,,,,,,,,,,,,,,,,,,,,,,,,,large_cap
2022-05-31,,2665000000.0,2665000000.0,54476000000.0,75859000000.0,-51471000000.0,69639000000.0,12122000000.0,-51471000000.0,,-6220000000.0,65890000000.0,-5768000000.0,-6220000000.0,-1692000000.0,-1692000000.0,-31336000000.0,26808000000.0,26808000000.0,115065000000.0,95554000000.0,5203000000.0,12210000000.0,72110000000.0,,72110000000.0,19511000000.0,4144000000.0,8357000000.0,8357000000.0,3749000000.0,,3749000000.0,3749000000.0,,1317000000.0,,1317000000.0,,,1317000000.0,109297000000.0,77664000000.0,9915000000.0,12782000000.0,12782000000.0,,,,,9716000000.0,-9958000000.0,19674000000.0,,,13267000000.0,1166000000.0,0.0,31633000000.0,3778000000.0,,5953000000.0,,5953000000.0,21902000000.0,519000000.0,21383000000.0,,,ORCL,6031000000.0,,6031000000.0,1944000000.0,,,45251000000.0,1440000000.0,43811000000.0,4729000000.0,,,,,-362000000.0,6315000000.0,,,0.0,,,,512000000.0,3778000000.0,452000000.0,-23000000.0,,,,,,,,,,,,,,,,,,,,,,,,,,,,,large_cap
2021-05-31,,,,,,,,,,,,,,,,,,,,,,,,,,,,,,,,,,8250000000.0,,,,,,,,,,,,,,,,,,,,,,,,,,,,,,,,,,,,ORCL,7864000000.0,,7864000000.0,,,,,,,,,,,,,,,,,,,,,3604000000.0,,,,,,,,,,,,,,,,,,,,,,,,,,,,,,,large_cap
2024-07-31,,4007000000.0,4007000000.0,23465000000.0,30973000000.0,-24422000000.0,76430000000.0,-3722000000.0,-24422000000.0,,45457000000.0,65089000000.0,45457000000.0,45457000000.0,-1430000000.0,-1430000000.0,1087000000.0,45800000000.0,45800000000.0,78956000000.0,38372000000.0,2540000000.0,3985000000.0,19632000000.0,,19632000000.0,40584000000.0,5643000000.0,16249000000.0,16249000000.0,11341000000.0,,11341000000.0,488000000.0,10853000000.0,3743000000.0,,3743000000.0,1439000000.0,1439000000.0,2304000000.0,124413000000.0,87551000000.0,5944000000.0,6262000000.0,6262000000.0,,,,,2090000000.0,-7783000000.0,9873000000.0,,115000000.0,5511000000.0,,4247000000.0,36862000000.0,5612000000.0,3373000000.0,10023000000.0,267000000.0,6685000000.0,17854000000.0,10346000000.0,7508000000.0,,,CSCO,12226000000.0,12226000000.0,,3608000000.0,,,69879000000.0,11219000000.0,58660000000.0,,,1027000000.0,83000000.0,2255000000.0,-87000000.0,6772000000.0,,,0.0,,,639000000.0,,,,-11000000.0,2737000000.0,8000000.0,3071000000.0,,,,,,,,,,,,,,,,,,,,,,,,,,large_cap
2023-07-31,,4066000000.0,4066000000.0,,8391000000.0,4000000000.0,52744000000.0,12039000000.0,4000000000.0,,44353000000.0,51011000000.0,44353000000.0,44353000000.0,-1575000000.0,-1575000000.0,1639000000.0,44289000000.0,44289000000.0,57499000000.0,26190000000.0,2134000000.0,5756000000.0,6658000000.0,,6658000000.0,31309000000.0,5136000000.0,13908000000.0,13908000000.0,1733000000.0,,1733000000.0,1733000000.0,0.0,6548000000.0,,6548000000.0,4235000000.0,4235000000.0,2313000000.0,101852000000.0,58504000000.0,6007000000.0,6576000000.0,6576000000.0,,,,,2085000000.0,-7973000000.0,10058000000.0,,135000000.0,5694000000.0,,4229000000.0,43348000000.0,4352000000.0,3644000000.0,9206000000.0,364000000.0,5854000000.0,26146000000.0,16023000000.0,10123000000.0,,,CSCO,11642000000.0,11642000000.0,,3984000000.0,,,40353000000.0,1818000000.0,38535000000.0,,,1493000000.0,264000000.0,1871000000.0,-85000000.0,5939000000.0,,,0.0,,,614000000.0,,,,,2869000000.0,16000000.0,2988000000.0,,,,,,,,,,,,,,,,,,,,,,,,,,large_cap
2022-07-31,,4110000000.0,4110000000.0,2436000000.0,9515000000.0,-1100000000.0,49288000000.0,11077000000.0,-1100000000.0,,39773000000.0,48189000000.0,39773000000.0,39773000000.0,-1622000000.0,-1622000000.0,-1319000000.0,42714000000.0,42714000000.0,54229000000.0,28589000000.0,1968000000.0,7725000000.0,8416000000.0,,8416000000.0,25640000000.0,5199000000.0,12784000000.0,12784000000.0,1099000000.0,,1099000000.0,499000000.0,600000000.0,3242000000.0,,3242000000.0,961000000.0,961000000.0,2281000000.0,94002000000.0,57285000000.0,5957000000.0,4449000000.0,4449000000.0,,,,,1997000000.0,-8168000000.0,10165000000.0,,4832000000.0,1114000000.0,,4219000000.0,36717000000.0,4355000000.0,2568000000.0,10527000000.0,3905000000.0,6622000000.0,19267000000.0,12188000000.0,7079000000.0,,,CSCO,10480000000.0,10480000000.0,,3316000000.0,,,40873000000.0,2569000000.0,38304000000.0,,,717000000.0,150000000.0,1691000000.0,-83000000.0,6705000000.0,,,0.0,,,4009000000.0,,,,,2380000000.0,10000000.0,2176000000.0,,,,,,,,,,,,,,,,,,,,,,,,,,large_cap
2021-07-31,,,,2351000000.0,,,,,,,,,,,,,,,,,,,,,,,,,,,,,,,,,,,,,,,,,,,,,,,,,,,,,,,,,,,,,,,,,,CSCO,,,,,,,,,,,,,,,,,,,,,,,,,,,,,,,,,,,,,,,,,,,,,,,,,,,,,,,large_cap
2024-12-31,1352874243.0,926290070.0,2279164313.0,41026000000.0,58396000000.0,-44060000000.0,82280000000.0,1340000000.0,-44060000000.0,3423000000.0,27307000000.0,77191000000.0,27393000000.0,27307000000.0,-15269000000.0,-15269000000.0,151163000000.0,61380000000.0,61380000000.0,109782000000.0,76640000000.0,981000000.0,,52539000000.0,2655000000.0,49884000000.0,33142000000.0,-1000000.0,13907000000.0,13907000000.0,5857000000.0,768000000.0,5089000000.0,5089000000.0,,9774000000.0,3709000000.0,6065000000.0,2033000000.0,,4032000000.0,137175000000.0,102694000000.0,1787000000.0,7766000000.0,6978000000.0,,,,,8929000000.0,-11959000000.0,20888000000.0,,6989000000.0,8895000000.0,179000000.0,0.0,34482000000.0,2519000000.0,1289000000.0,14010000000.0,7206000000.0,6804000000.0,14591000000.0,644000000.0,13947000000.0,,,IBM,4437000000.0,3622000000.0,815000000.0,3605000000.0,,,71367000000.0,10661000000.0,60706000000.0,4825000000.0,,134000000.0,1155000000.0,,-114000000.0,6918000000.0,169968000000.0,,,,,5353000000.0,,,86000000.0,463000000.0,,,,1000000.0,,11151000000.0,10877000000.0,204000000.0,6865000000.0,7492000000.0,,900000000.0,959000000.0,214000000.0,,,,,,,,,,,,,,,large_cap
2023-12-31,1351897513.0,915013646.0,2266911159.0,43479000000.0,59935000000.0,-48681000000.0,79080000000.0,-1214000000.0,-48681000000.0,3388000000.0,22533000000.0,72654000000.0,22613000000.0,22533000000.0,-18761000000.0,-18761000000.0,151276000000.0,59643000000.0,59643000000.0,112628000000.0,78506000000.0,1164000000.0,,52689000000.0,2568000000.0,50121000000.0,34122000000.0,1000000.0,13451000000.0,13451000000.0,7246000000.0,820000000.0,6426000000.0,6426000000.0,,9923000000.0,3521000000.0,6402000000.0,2270000000.0,,4132000000.0,135241000000.0,102332000000.0,1626000000.0,7498000000.0,6656000000.0,,,,,8722000000.0,-12621000000.0,21343000000.0,,6605000000.0,9223000000.0,182000000.0,0.0,32908000000.0,2639000000.0,1161000000.0,13956000000.0,6742000000.0,7214000000.0,13441000000.0,373000000.0,13068000000.0,,,IBM,4679000000.0,3533000000.0,1146000000.0,3501000000.0,,,71214000000.0,11036000000.0,60178000000.0,5333000000.0,,78000000.0,1083000000.0,,-192000000.0,7406000000.0,169624000000.0,,,,7506000000.0,5766000000.0,,,80000000.0,299000000.0,,,,-1000000.0,,12553000000.0,12245000000.0,206000000.0,6916000000.0,7506000000.0,,692000000.0,998000000.0,21000000.0,,,,,,,,,,,,,,,large_cap
2022-12-31,1351024943.0,906091977.0,2257116920.0,43063000000.0,54013000000.0,-45189000000.0,72893000000.0,-2387000000.0,-45189000000.0,3064000000.0,21944000000.0,68133000000.0,22021000000.0,21944000000.0,-16740000000.0,-16740000000.0,149825000000.0,58343000000.0,58343000000.0,105222000000.0,73717000000.0,1206000000.0,90000000.0,48379000000.0,2190000000.0,46189000000.0,31505000000.0,1000000.0,12032000000.0,12032000000.0,5634000000.0,874000000.0,4760000000.0,4760000000.0,,10358000000.0,4111000000.0,6247000000.0,2196000000.0,,4051000000.0,127243000000.0,98126000000.0,1617000000.0,7122000000.0,6256000000.0,1617000000.0,1617000000.0,,,8212000000.0,-13361000000.0,21573000000.0,,6039000000.0,9643000000.0,213000000.0,0.0,29118000000.0,2610000000.0,1552000000.0,14209000000.0,7668000000.0,6541000000.0,8738000000.0,852000000.0,7886000000.0,,,IBM,5791000000.0,3499000000.0,2292000000.0,3481000000.0,,,67133000000.0,11184000000.0,55949000000.0,5678000000.0,,158000000.0,1394000000.0,,-233000000.0,6774000000.0,169484000000.0,,,,8236000000.0,5806000000.0,,,77000000.0,488000000.0,,,,,,11206000000.0,10903000000.0,243000000.0,6404000000.0,8236000000.0,,939000000.0,967000000.0,103000000.0,,,,,,,,,,,,,,,large_cap
2021-12-31,,,,,,,,,,,,,,,,,,,,,,,72000000.0,,,,,1000000.0,,,,,,,,,,,,,,,,,,,1823000000.0,1823000000.0,,,,,,,,,,,,,,,,,,,,,,IBM,,,,,40000000.0,159000000.0,,,,,,,,,,,,,,,9850000000.0,,,3466000000.0,,,,-1000000.0,,-1000000.0,0.0,,,,,,159000000.0,,,,,,,,,,,,,,,,,,large_cap
2024-12-31,58000000.0,1622000000.0,1680000000.0,,2212000000.0,13799000000.0,59289000000.0,11768000000.0,13799000000.0,491000000.0,57568000000.0,59289000000.0,57568000000.0,57568000000.0,-69000000.0,-69000000.0,2364000000.0,17000000.0,17000000.0,11658000000.0,4377000000.0,1816000000.0,,2212000000.0,491000000.0,1721000000.0,7281000000.0,555000000.0,,,,,,,,5552000000.0,3086000000.0,2466000000.0,,,2466000000.0,69226000000.0,50177000000.0,3918000000.0,688000000.0,688000000.0,149000000.0,,,,1802000000.0,-2173000000.0,3975000000.0,,2798000000.0,,,853000000.0,19049000000.0,1991000000.0,5734000000.0,6192000000.0,628000000.0,6192000000.0,5132000000.0,1345000000.0,3787000000.0,,,AMD,349000000.0,,349000000.0,1174000000.0,,149000000.0,43769000000.0,18930000000.0,24839000000.0,,,1094000000.0,4289000000.0,351000000.0,,,6106000000.0,61362000000.0,,,,,324000000.0,,,,,,,,,,,,,,,,,,476000000.0,113000000.0,,,,,,,,,,,,,large_cap
2023-12-31,47000000.0,1616000000.0,1663000000.0,,3003000000.0,10267000000.0,58360000000.0,10079000000.0,10267000000.0,535000000.0,55892000000.0,57609000000.0,55892000000.0,55892000000.0,-10000000.0,-10000000.0,723000000.0,17000000.0,17000000.0,11993000000.0,5304000000.0,1850000000.0,,2252000000.0,535000000.0,1717000000.0,6689000000.0,438000000.0,544000000.0,544000000.0,751000000.0,,751000000.0,751000000.0,,4616000000.0,2198000000.0,2418000000.0,,,2055000000.0,67885000000.0,51117000000.0,2805000000.0,366000000.0,366000000.0,99000000.0,,,,2222000000.0,-1787000000.0,4009000000.0,,2979000000.0,,,821000000.0,16768000000.0,1259000000.0,4351000000.0,5385000000.0,1053000000.0,4323000000.0,5773000000.0,1840000000.0,3933000000.0,,,AMD,1202000000.0,,1202000000.0,884000000.0,,99000000.0,45625000000.0,21363000000.0,24262000000.0,,,812000000.0,3260000000.0,279000000.0,,,4514000000.0,59676000000.0,,,,,209000000.0,,,,,,,,,,,,,,,,,,363000000.0,9000000.0,,,,,,,,,,,,,large_cap
2022-12-31,33000000.0,1612000000.0,1645000000.0,,2863000000.0,6455000000.0,57217000000.0,8650000000.0,6455000000.0,396000000.0,54750000000.0,57217000000.0,54750000000.0,54750000000.0,-41000000.0,-41000000.0,-131000000.0,16000000.0,16000000.0,12830000000.0,6461000000.0,1664000000.0,,2863000000.0,396000000.0,2467000000.0,6369000000.0,336000000.0,859000000.0,859000000.0,,,,,,5332000000.0,2376000000.0,2956000000.0,,,2493000000.0,67580000000.0,52561000000.0,2152000000.0,58000000.0,58000000.0,83000000.0,,,,1973000000.0,-1507000000.0,3480000000.0,,2623000000.0,2163000000.0,120000000.0,714000000.0,15019000000.0,1265000000.0,3771000000.0,4128000000.0,,4126000000.0,5855000000.0,1020000000.0,4835000000.0,,,AMD,1934000000.0,,1934000000.0,701000000.0,,83000000.0,48295000000.0,24118000000.0,24177000000.0,594000000.0,,892000000.0,2648000000.0,231000000.0,,,3099000000.0,58005000000.0,,,1252000000.0,,143000000.0,,,,,,,,,,,,,,,,,,463000000.0,2000000.0,,,,,,,,,,,,,large_cap
2021-12-31,,,,,,,,,,,,,,,,,,,,,,,,,,,,,314000000.0,314000000.0,312000000.0,,312000000.0,312000000.0,,,,,,,,,,,,,69000000.0,,,,,,,206000000.0,,1534000000.0,0.0,,,,,,,,,,,,,AMD,,,,,,69000000.0,,,,206000000.0,,,,,,,,,,,916000000.0,,,312000000.0,,,,,,,,,,,,,,,,,85000000.0,2000000.0,,,,,,,,,,,,,large_cap
2024-01-31,64000000.0,971000000.0,1035000000.0,954000000.0,12588000000.0,5748000000.0,69072000000.0,2443000000.0,5748000000.0,3162000000.0,59646000000.0,68073000000.0,59646000000.0,59646000000.0,-225000000.0,-225000000.0,11721000000.0,1000000.0,1000000.0,40177000000.0,13546000000.0,2475000000.0,,11071000000.0,2644000000.0,8427000000.0,26631000000.0,,19003000000.0,19003000000.0,1517000000.0,518000000.0,999000000.0,999000000.0,,6111000000.0,,,,,,99823000000.0,70749000000.0,3433000000.0,2515000000.0,3433000000.0,4848000000.0,81000000.0,4848000000.0,4767000000.0,6055000000.0,-3152000000.0,9207000000.0,1604000000.0,2366000000.0,4454000000.0,293000000.0,0.0,29074000000.0,1561000000.0,,11414000000.0,,11414000000.0,14194000000.0,5722000000.0,8472000000.0,,,CRM,,,,,,,53898000000.0,5278000000.0,48620000000.0,490000000.0,,,,,,,11692000000.0,59841000000.0,0.0,,,,,,,,,,,,,,,,,,,,1905000000.0,,,,,81000000.0,,,,,,,,,,,large_cap
2023-01-31,28000000.0,981000000.0,1009000000.0,3585000000.0,14088000000.0,2666000000.0,68960000000.0,504000000.0,2666000000.0,3487000000.0,58359000000.0,67778000000.0,58359000000.0,58359000000.0,-274000000.0,-274000000.0,7585000000.0,1000000.0,1000000.0,40490000000.0,14599000000.0,2283000000.0,,12316000000.0,2897000000.0,9419000000.0,25891000000.0,,17376000000.0,17376000000.0,1772000000.0,590000000.0,1182000000.0,1182000000.0,,6743000000.0,,,,,,98849000000.0,72454000000.0,2800000000.0,2697000000.0,2800000000.0,4672000000.0,69000000.0,4603000000.0,4603000000.0,6592000000.0,-2702000000.0,9294000000.0,1807000000.0,2890000000.0,3815000000.0,293000000.0,0.0,26395000000.0,1356000000.0,,10755000000.0,,10755000000.0,12508000000.0,5492000000.0,7016000000.0,,,CRM,,,,,,,55693000000.0,7125000000.0,48568000000.0,489000000.0,,,,,,,4000000000.0,55047000000.0,0.0,,,,,,,,,,,,,,,,,,,,1776000000.0,,,,,69000000.0,,,,,,,,,,,large_cap
2022-01-31,,,,5132000000.0,,,,,,,,,,,,,,,,,,,,,,,,,,,,,4000000.0,4000000.0,,,,,,,,,,,,2623000000.0,,,,,,,,,,,,,,,,,,,,,,,,CRM,,,,,,,,,,,,,,,,,,,,,,,,1120000000.0,,,,,,,,,,,,,,,,,,,,88000000.0,,,,,,,,,,,large_cap
2024-12-31,,4330000000.0,4330000000.0,41762000000.0,50011000000.0,70886000000.0,149281000000.0,11658000000.0,70886000000.0,,99270000000.0,145552000000.0,105032000000.0,99270000000.0,-711000000.0,-711000000.0,49032000000.0,50949000000.0,50949000000.0,91453000000.0,55787000000.0,9505000000.0,,46282000000.0,,46282000000.0,35666000000.0,,,,3729000000.0,,3729000000.0,3729000000.0,,28594000000.0,14282000000.0,14312000000.0,1756000000.0,1756000000.0,12556000000.0,196485000000.0,149161000000.0,7475000000.0,,,5383000000.0,,5383000000.0,5383000000.0,107919000000.0,-102193000000.0,210112000000.0,,,103150000000.0,,56544000000.0,47324000000.0,9586000000.0,12198000000.0,3478000000.0,,3478000000.0,22062000000.0,13813000000.0,8249000000.0,,,INTC,,,,3343000000.0,,,28384000000.0,3691000000.0,24693000000.0,,,3422000000.0,7432000000.0,1344000000.0,,,,,0.0,,,,50418000000.0,,5762000000.0,,,,,,,,,,,,,,,,,,,,,,,,,,,,,,large_cap
2023-12-31,0.0,4228000000.0,4228000000.0,42187000000.0,49266000000.0,73410000000.0,154856000000.0,15216000000.0,73410000000.0,,105590000000.0,152568000000.0,109965000000.0,105590000000.0,-215000000.0,-215000000.0,69156000000.0,36649000000.0,36649000000.0,81607000000.0,53554000000.0,6576000000.0,,46978000000.0,,46978000000.0,28053000000.0,-12000000.0,2900000000.0,,2288000000.0,,2288000000.0,2288000000.0,,22110000000.0,12425000000.0,9685000000.0,1107000000.0,1107000000.0,8578000000.0,191572000000.0,148303000000.0,13647000000.0,,,5829000000.0,,5829000000.0,5829000000.0,96647000000.0,-98010000000.0,194657000000.0,,,100033000000.0,,51182000000.0,43269000000.0,3706000000.0,11127000000.0,3402000000.0,,3402000000.0,25034000000.0,17955000000.0,7079000000.0,,,INTC,,,,3655000000.0,,5000000.0,32180000000.0,4589000000.0,27591000000.0,,,3758000000.0,6203000000.0,1166000000.0,,,,,0.0,,,,43442000000.0,,4375000000.0,,,,,,,,,,,,,,,,,,,,,,,,,,,,,,large_cap
2022-12-31,,4137000000.0,4137000000.0,30863000000.0,42007000000.0,67814000000.0,143430000000.0,18252000000.0,67814000000.0,,101423000000.0,139107000000.0,103286000000.0,101423000000.0,-562000000.0,-562000000.0,70405000000.0,31580000000.0,31580000000.0,78817000000.0,46662000000.0,8978000000.0,3796000000.0,37684000000.0,,37684000000.0,32155000000.0,44000000.0,2400000000.0,,4323000000.0,,4323000000.0,423000000.0,3900000000.0,21304000000.0,9458000000.0,11846000000.0,2251000000.0,2251000000.0,9595000000.0,182103000000.0,131696000000.0,11315000000.0,,,5912000000.0,,5902000000.0,5902000000.0,80860000000.0,-93386000000.0,174246000000.0,,,92711000000.0,,44808000000.0,50407000000.0,4712000000.0,13224000000.0,4133000000.0,,4133000000.0,28338000000.0,17194000000.0,11144000000.0,,,INTC,202000000.0,,202000000.0,4084000000.0,,10000000.0,33609000000.0,6018000000.0,27591000000.0,,,4142000000.0,7565000000.0,1517000000.0,,,,,0.0,,,,36727000000.0,,1863000000.0,,,,,,,,,,,,10000000.0,45000000.0,,,,,,,,,,,,,,,,,large_cap
2021-12-31,,,,,,,,,,,,,,,,,,,,,,,4305000000.0,,,,,991000000.0,2800000000.0,,,,,,0.0,,,,,,,,,,,,,840000000.0,,,,,,,,,,,,,,,,,,,,,,INTC,2667000000.0,185000000.0,2667000000.0,,,16000000.0,,,,,,,,,,,,,,,,,,,,,,,,,,,,,,,16000000.0,6942000000.0,,,,,,,,,,,,,,,,,large_cap
2024-09-30,,1113000000.0,1113000000.0,6785000000.0,14634000000.0,14231000000.0,40908000000.0,14727000000.0,14231000000.0,,26274000000.0,39544000000.0,26274000000.0,26274000000.0,587000000.0,587000000.0,25687000000.0,0.0,0.0,28880000000.0,18376000000.0,5018000000.0,,13270000000.0,,13270000000.0,10504000000.0,3345000000.0,297000000.0,297000000.0,1364000000.0,,1364000000.0,1364000000.0,,5498000000.0,1834000000.0,3664000000.0,1080000000.0,1080000000.0,2584000000.0,55154000000.0,29923000000.0,8053000000.0,5162000000.0,5162000000.0,,,,,4665000000.0,-8876000000.0,13541000000.0,550000000.0,,10808000000.0,169000000.0,0.0,25231000000.0,1579000000.0,6423000000.0,3929000000.0,1582000000.0,2347000000.0,13300000000.0,5451000000.0,7849000000.0,,,QCOM,88000000.0,88000000.0,,,,,12043000000.0,1244000000.0,10799000000.0,1888000000.0,,2586000000.0,3497000000.0,340000000.0,,,,,0.0,,,,126000000.0,,,,,,,,0.0,,,,,,,0.0,,,,,,,,,,,,,,,,,large_cap
2023-09-30,,1114000000.0,1114000000.0,6948000000.0,15398000000.0,9531000000.0,36979000000.0,12836000000.0,9531000000.0,,21581000000.0,36065000000.0,21581000000.0,21581000000.0,358000000.0,358000000.0,20733000000.0,490000000.0,490000000.0,29459000000.0,19831000000.0,5210000000.0,1080000000.0,14484000000.0,,14484000000.0,9628000000.0,3107000000.0,293000000.0,293000000.0,914000000.0,,914000000.0,914000000.0,0.0,5314000000.0,1685000000.0,3629000000.0,1717000000.0,1717000000.0,1912000000.0,51040000000.0,28576000000.0,8174000000.0,3310000000.0,3310000000.0,,,,,5042000000.0,-7668000000.0,12710000000.0,485000000.0,,9981000000.0,169000000.0,0.0,22464000000.0,1194000000.0,6422000000.0,3183000000.0,1260000000.0,1923000000.0,11324000000.0,2874000000.0,8450000000.0,,,QCOM,99000000.0,99000000.0,,,,,12050000000.0,1408000000.0,10642000000.0,1849000000.0,,2150000000.0,4096000000.0,176000000.0,,,,,0.0,,,,226000000.0,,,,,,,,38000000.0,,,,,,,341000000.0,,,,,,,,,,,,,,,,,large_cap
2022-09-30,,1121000000.0,1121000000.0,12709000000.0,15482000000.0,5623000000.0,33495000000.0,8858000000.0,5623000000.0,,18013000000.0,31550000000.0,18013000000.0,18013000000.0,-22000000.0,-22000000.0,17840000000.0,195000000.0,195000000.0,31001000000.0,19135000000.0,3863000000.0,1472000000.0,13537000000.0,,13537000000.0,11866000000.0,3636000000.0,369000000.0,369000000.0,1945000000.0,,1945000000.0,1446000000.0,499000000.0,5916000000.0,1486000000.0,4430000000.0,634000000.0,634000000.0,3796000000.0,49014000000.0,28290000000.0,8929000000.0,1803000000.0,1803000000.0,,,,,5168000000.0,-6602000000.0,11770000000.0,369000000.0,,9134000000.0,170000000.0,0.0,20724000000.0,1625000000.0,6341000000.0,5643000000.0,1468000000.0,4175000000.0,6382000000.0,3609000000.0,2773000000.0,,,QCOM,144000000.0,144000000.0,,,,,12390000000.0,1882000000.0,10508000000.0,1767000000.0,,2791000000.0,3329000000.0,221000000.0,,,,,0.0,,,,330000000.0,,,,,,,,119000000.0,,,,,,,733000000.0,,,,,,,,,,,,,,,,,large_cap
2021-09-30,,,,,,,,,,,,,,,,,,,,,,,1713000000.0,,,,,,,,2044000000.0,,2044000000.0,1544000000.0,500000000.0,,,,,,,,,,,,,,,,,,,,,,,,,,,,,,,,,,,QCOM,,,,,,,,,,,,,,,,,,,,,,,,,,,,,,,0.0,,,,,,,0.0,,,,,,,,,,,,,,,,,large_cap
2024-09-30,,58094000.0,58094000.0,,249564000.0,705440000.0,3129378000.0,619818000.0,705440000.0,249564000.0,3129378000.0,3129378000.0,3129378000.0,3129378000.0,-20912000.0,-20912000.0,3144401000.0,5889000.0,5889000.0,2483626000.0,993973000.0,9272000.0,85461000.0,215785000.0,215785000.0,,1489653000.0,,1121683000.0,1121683000.0,33779000.0,33779000.0,,,,334191000.0,221050000.0,113141000.0,45247000.0,,67894000.0,5613004000.0,3503533000.0,64399000.0,399528000.0,365951000.0,8580000.0,,8580000.0,8580000.0,329123000.0,-358563000.0,687686000.0,186179000.0,178180000.0,323327000.0,,0.0,2109471000.0,42215000.0,76378000.0,790128000.0,401104000.0,389024000.0,1074602000.0,0.0,1074602000.0,,,FFIV,683455000.0,676276000.0,7179000.0,,,8580000.0,2423938000.0,111576000.0,2312362000.0,,,27922000.0,,48456000.0,-4585000.0,393609000.0,,,0.0,,,277965000.0,,93467000.0,,,,,,,,,,,,,,,32681000.0,,,,,,,,,,,,,,,,mid_cap
2023-09-30,,59207000.0,59207000.0,,280986000.0,360585000.0,2800232000.0,375992000.0,360585000.0,280986000.0,2800232000.0,2800232000.0,2800232000.0,2800232000.0,-23221000.0,-23221000.0,2799054000.0,24399000.0,24399000.0,2448101000.0,975320000.0,8822000.0,73751000.0,239565000.0,239565000.0,,1472781000.0,,1126576000.0,1126576000.0,41421000.0,41421000.0,,,,304784000.0,206965000.0,97819000.0,34504000.0,,63315000.0,5248333000.0,3399560000.0,55543000.0,330571000.0,295308000.0,5068000.0,,5068000.0,5068000.0,365893000.0,-327067000.0,692960000.0,185225000.0,195471000.0,312264000.0,,0.0,1848773000.0,64919000.0,35874000.0,828945000.0,374113000.0,454832000.0,803323000.0,6160000.0,797163000.0,,,FFIV,653182000.0,648545000.0,4637000.0,,,5068000.0,2439647000.0,150969000.0,2288678000.0,,,11699000.0,,24175000.0,-3561000.0,458393000.0,,,0.0,,,202838000.0,,84506000.0,,,,,,,,,,,,,,,31206000.0,,,,,,,,,,,,,,,,mid_cap
2022-09-30,,59860000.0,59860000.0,,664671000.0,9408000.0,2818750000.0,72273000.0,9408000.0,314899000.0,2468978000.0,2468978000.0,2468978000.0,2468978000.0,-26176000.0,-26176000.0,2404106000.0,91048000.0,91048000.0,2807216000.0,967265000.0,8157000.0,59553000.0,272376000.0,272376000.0,,1839951000.0,,1067182000.0,1067182000.0,392295000.0,42523000.0,349772000.0,349772000.0,,380474000.0,226079000.0,154395000.0,41217000.0,,113178000.0,5276194000.0,3363970000.0,48493000.0,225926000.0,183365000.0,9544000.0,,,,395657000.0,-301366000.0,697023000.0,173689000.0,227475000.0,295859000.0,,0.0,1912224000.0,77609000.0,68365000.0,789686000.0,319707000.0,469979000.0,884566000.0,126554000.0,758012000.0,,,FFIV,627179000.0,624398000.0,2781000.0,,,,2459570000.0,200288000.0,2259282000.0,,,10164000.0,,58201000.0,-6020000.0,475999000.0,,,0.0,,,224780000.0,,57340000.0,,,,,,,,,,,,,,,34658000.0,,,,,,,,,,,,,,,,mid_cap
2021-09-30,,,,,,,,,,,,,,,,,,,,,,,,,,349772000.0,,,,,,,19275000.0,19275000.0,,,,,,,,,,,,,,,,,,,,,,,,,,,,,,,,329630000.0,,,,FFIV,,,,,,,,,,,,,,,,,,,,,,,,,,,,,,,,,,,,,,,,,,,,,,,,,,,,,,,mid_cap
2024-10-31,,142656116.0,142656116.0,609911000.0,1632253000.0,2206411000.0,4360912000.0,2544576000.0,2206411000.0,87479000.0,2816138000.0,4349212000.0,2816138000.0,2816138000.0,-46711000.0,-46711000.0,-3293447000.0,1427000.0,1427000.0,2825199000.0,1825359000.0,12542000.0,113365000.0,1601703000.0,68629000.0,1533074000.0,999840000.0,113030000.0,156379000.0,156379000.0,30550000.0,18850000.0,11700000.0,11700000.0,,613364000.0,6120000.0,607244000.0,183843000.0,35111000.0,423401000.0,5641337000.0,2096921000.0,94824000.0,912804000.0,886441000.0,102650000.0,80920000.0,80920000.0,80920000.0,365139000.0,-596027000.0,961166000.0,77451000.0,27417000.0,788781000.0,,0.0,3544416000.0,43245000.0,820430000.0,1082451000.0,173854000.0,908597000.0,1251206000.0,316343000.0,934863000.0,,,CIEN,97749000.0,81240000.0,,31250000.0,11777000.0,21730000.0,609727000.0,165020000.0,444707000.0,67517000.0,2149000.0,324697000.0,32219000.0,542785000.0,-9880000.0,918477000.0,,6154869000.0,0.0,55267000.0,,,,324029000.0,,0.0,,27902000.0,,,,,,,,,21730000.0,,20906000.0,,,,,,6120000.0,-107173000.0,,,,,,,,,mid_cap
2023-10-31,,144829938.0,144829938.0,544488000.0,1657165000.0,2197969000.0,4403467000.0,2643758000.0,2197969000.0,102059000.0,2848361000.0,4391767000.0,2848361000.0,2848361000.0,-37767000.0,-37767000.0,-3377403000.0,1448000.0,1448000.0,2753134000.0,1821113000.0,12512000.0,98259000.0,1624857000.0,81451000.0,1543406000.0,932021000.0,160489000.0,154419000.0,154419000.0,32308000.0,20608000.0,11700000.0,11700000.0,,498213000.0,4514000.0,493699000.0,175871000.0,16341000.0,317828000.0,5601495000.0,2025716000.0,71161000.0,829597000.0,809306000.0,134326000.0,134278000.0,,,315287000.0,-538633000.0,853920000.0,74391000.0,35140000.0,676485000.0,,0.0,3575779000.0,40682000.0,1050838000.0,1187596000.0,183720000.0,1003876000.0,1115371000.0,104753000.0,1010618000.0,,,CIEN,85485000.0,74041000.0,,29503000.0,24953000.0,48000.0,650392000.0,205627000.0,444765000.0,67904000.0,1118000.0,314168000.0,55242000.0,664797000.0,-11700000.0,1015576000.0,,6262083000.0,0.0,57089000.0,,,,155678000.0,,,,66634000.0,,,,,,,,,48000.0,,24496000.0,,,,,,4514000.0,-50003000.0,,,,,,,,,mid_cap
2022-10-31,,148412943.0,148412943.0,73703000.0,1186306000.0,2315022000.0,3780916000.0,2345313000.0,2315022000.0,118251000.0,2712861000.0,3773986000.0,2712861000.0,2712861000.0,-46645000.0,-46645000.0,-3632230000.0,1484000.0,1484000.0,2356771000.0,1316188000.0,11980000.0,72644000.0,1156693000.0,95568000.0,1061125000.0,1040583000.0,142522000.0,137899000.0,137899000.0,29613000.0,22683000.0,6930000.0,6930000.0,,658650000.0,4793000.0,653857000.0,137810000.0,11472000.0,516047000.0,5069632000.0,1683736000.0,60930000.0,843691000.0,824008000.0,56083000.0,35385000.0,,,312887000.0,-501043000.0,813930000.0,80415000.0,45108000.0,619160000.0,,0.0,3385896000.0,35929000.0,946730000.0,1100837000.0,180065000.0,920772000.0,1148341000.0,153989000.0,994352000.0,,,CIEN,74871000.0,62336000.0,,26396000.0,12306000.0,20698000.0,397839000.0,69517000.0,328322000.0,69247000.0,251000.0,258584000.0,18232000.0,664916000.0,-11000000.0,931772000.0,,6390252000.0,0.0,45503000.0,,,,119415000.0,,0.0,,41084000.0,,,,,,,,,20698000.0,,34393000.0,,,,,,4793000.0,-36086000.0,,,,,,,,,mid_cap
2021-10-31,,,,,,,,,,,,,,,,,,,,,,,,,,,,,,,,,,,,,,,,,,,,,,,,70038000.0,,,,,,,,,,,,,,,,,,,,,,CIEN,,,,,,,,,,,,,,,,,,,,,,,,,,15928000.0,,,,,,,,,,,,,,,,,,,,,,,,,,,,,mid_cap
2024-03-31,0.0,408101772.0,408101772.0,787000000.0,3751000000.0,3945000000.0,8586000000.0,4453000000.0,3945000000.0,490000000.0,5325000000.0,8586000000.0,5325000000.0,5325000000.0,-195000000.0,-195000000.0,446000000.0,5074000000.0,5074000000.0,12932000000.0,4393000000.0,642000000.0,,3751000000.0,490000000.0,3261000000.0,8539000000.0,968000000.0,2615000000.0,2615000000.0,,,,,,4956000000.0,488000000.0,4468000000.0,,,4468000000.0,18257000000.0,5265000000.0,1015000000.0,,,,,,,2870000000.0,-4440000000.0,7310000000.0,651000000.0,601000000.0,4509000000.0,123000000.0,0.0,12992000000.0,1031000000.0,6205000000.0,3282000000.0,249000000.0,3033000000.0,2474000000.0,,2474000000.0,759000000.0,1715000000.0,FLEX,,,,,,,1380000000.0,245000000.0,1135000000.0,1212000000.0,,537000000.0,623000000.0,5045000000.0,-12000000.0,3045000000.0,0.0,,,,,,214000000.0,,0.0,,,,,,0.0,,,,,,,0.0,,,,,0.0,,,,,,,,,,,,mid_cap
2023-03-31,50239355.0,450122691.0,500362046.0,530000000.0,4198000000.0,3897000000.0,9045000000.0,5166000000.0,3897000000.0,504000000.0,5351000000.0,8895000000.0,5706000000.0,5351000000.0,-194000000.0,-194000000.0,-560000000.0,6493000000.0,6493000000.0,15701000000.0,4834000000.0,554000000.0,,4048000000.0,504000000.0,3544000000.0,10867000000.0,1532000000.0,2955000000.0,2955000000.0,150000000.0,,150000000.0,,,6230000000.0,506000000.0,5724000000.0,,,5724000000.0,21407000000.0,5374000000.0,973000000.0,,,,,,,2947000000.0,-4200000000.0,7147000000.0,586000000.0,605000000.0,4271000000.0,124000000.0,0.0,16033000000.0,875000000.0,7388000000.0,3723000000.0,243000000.0,3480000000.0,3164000000.0,,3164000000.0,2324000000.0,840000000.0,FLEX,,,,,,,1454000000.0,315000000.0,1139000000.0,1162000000.0,,572000000.0,705000000.0,6111000000.0,-6000000.0,3486000000.0,388000000.0,,,,,,399000000.0,,355000000.0,,,,,,232000000.0,,,,,,,883000000.0,,,,,150000000.0,,,,,,,,,,,,mid_cap
2022-03-31,50239355.0,460560312.0,510799667.0,1233000000.0,4748000000.0,2376000000.0,8326000000.0,3626000000.0,2376000000.0,551000000.0,4129000000.0,7377000000.0,4207000000.0,4129000000.0,-182000000.0,-182000000.0,-1353000000.0,6052000000.0,6052000000.0,15118000000.0,4407000000.0,608000000.0,,3799000000.0,551000000.0,3248000000.0,10711000000.0,1036000000.0,2002000000.0,2002000000.0,949000000.0,,949000000.0,,,6724000000.0,470000000.0,6254000000.0,,,6254000000.0,19325000000.0,4988000000.0,473000000.0,,,,,,,2762000000.0,-3979000000.0,6741000000.0,564000000.0,637000000.0,4043000000.0,113000000.0,0.0,14337000000.0,903000000.0,6580000000.0,3890000000.0,519000000.0,3371000000.0,2964000000.0,,2964000000.0,2285000000.0,679000000.0,FLEX,,,,,,,1753000000.0,411000000.0,1342000000.0,1123000000.0,,688000000.0,602000000.0,5290000000.0,-56000000.0,3427000000.0,388000000.0,,,,,,261000000.0,,78000000.0,,,,,,,,,,,,,,,,,,949000000.0,,,,,,,,,,,,mid_cap
2021-03-31,,,,,,,,,,,,,,,,,,,,,,,,,,,,,,,268000000.0,,268000000.0,,,,,,,,,,,,,,,,,,,,,,,,,,,,,,,,,,,,,FLEX,,,,,,,,,,,,,,,,,,,,,,,,,0.0,,,,,,,,,,,,,,,,,,268000000.0,,,,,,,,,,,,mid_cap
2024-12-31,,161722000.0,161722000.0,,76621000.0,2408000000.0,2819294000.0,1191818000.0,2408000000.0,76621000.0,2819294000.0,2819294000.0,2819294000.0,2819294000.0,-81220000.0,-81220000.0,970761000.0,20215000.0,20215000.0,889420000.0,264841000.0,,24596000.0,57922000.0,57922000.0,,624579000.0,,107710000.0,107710000.0,18699000.0,18699000.0,,,,293179000.0,90777000.0,202402000.0,67610000.0,67610000.0,134792000.0,3708714000.0,1892317000.0,49620000.0,222438000.0,222438000.0,618615000.0,,124121000.0,124121000.0,578356000.0,-953890000.0,1532246000.0,67387000.0,70185000.0,1186216000.0,19409000.0,0.0,1816397000.0,17727000.0,298492000.0,471426000.0,,471426000.0,599666000.0,46312000.0,553354000.0,292178000.0,261176000.0,TER,41543000.0,40505000.0,1038000.0,204991000.0,,494494000.0,411294000.0,15927000.0,395367000.0,183371000.0,,30613000.0,41964000.0,225915000.0,-2111000.0,473537000.0,,1909538000.0,,,,,5678000.0,429086000.0,,,,,,,0.0,133338000.0,133338000.0,7442000.0,,11994000.0,494494000.0,0.0,,,,,,,,,,,,,,,,,mid_cap
2023-12-31,,152698000.0,152698000.0,,82614000.0,2074841000.0,2525897000.0,1502084000.0,2074841000.0,82614000.0,2525897000.0,2525897000.0,2525897000.0,2525897000.0,-26978000.0,-26978000.0,706514000.0,19087000.0,19087000.0,960927000.0,300976000.0,,44331000.0,65092000.0,65092000.0,,659951000.0,7379000.0,99804000.0,99804000.0,17522000.0,17522000.0,,,,343496000.0,114712000.0,228784000.0,48653000.0,48653000.0,180131000.0,3486824000.0,1324789000.0,50111000.0,175775000.0,175775000.0,117434000.0,,117434000.0,117434000.0,518909000.0,-898604000.0,1417513000.0,66777000.0,73417000.0,1075328000.0,19487000.0,0.0,2162035000.0,37992000.0,309974000.0,422124000.0,,422124000.0,819725000.0,62154000.0,757571000.0,459415000.0,298156000.0,TER,37465000.0,37282000.0,183000.0,191750000.0,,0.0,451056000.0,35404000.0,415652000.0,127705000.0,,24701000.0,26851000.0,258422000.0,-1988000.0,424112000.0,,1827274000.0,,,,,54799000.0,548970000.0,,,,,,,2000000.0,132090000.0,132090000.0,19998000.0,,11504000.0,0.0,23250000.0,,,,,,,,,,,,,,,,,mid_cap
2022-12-31,,155759000.0,155759000.0,,132885000.0,1994621000.0,2501409000.0,1511652000.0,1994621000.0,82770000.0,2451294000.0,2451294000.0,2451294000.0,2451294000.0,-49868000.0,-49868000.0,725729000.0,19470000.0,19470000.0,1049958000.0,303695000.0,,59135000.0,64176000.0,64176000.0,,746263000.0,,148285000.0,148285000.0,68709000.0,18594000.0,50115000.0,50115000.0,,317003000.0,112271000.0,204732000.0,65010000.0,65010000.0,139722000.0,3501252000.0,1243337000.0,28925000.0,142784000.0,142784000.0,110777000.0,,110777000.0,110777000.0,492417000.0,-905699000.0,1398116000.0,64631000.0,73734000.0,1089809000.0,18481000.0,0.0,2257915000.0,14404000.0,325019000.0,491145000.0,,491145000.0,894385000.0,39612000.0,854773000.0,222356000.0,632417000.0,TER,48398000.0,45131000.0,3267000.0,212266000.0,,,456673000.0,53478000.0,403195000.0,128991000.0,,30972000.0,37982000.0,256065000.0,-1955000.0,493100000.0,,1755963000.0,,,,,22470000.0,532962000.0,,,,,,,0.0,116005000.0,116005000.0,15981000.0,,11761000.0,,0.0,,,,,,,,,-39849000.0,1159000.0,,,,,,,mid_cap
2021-12-31,,,,,,,,,,,,,,,,,,,,,,,,,,89244000.0,,,,,,,19182000.0,19182000.0,,,,,,,,,,,,,,,,,,,,,,,,,,,,,,,,,,,,TER,,,,,,,,,,,,,,,,,,,,,,,,,,,,,,1512000.0,,,,,,,,,,,,,,,,,-10818000.0,1166000.0,,,,,,,mid_cap
2024-12-31,30778879.0,151677952.0,182456831.0,1910900000.0,2245300000.0,-638600000.0,3875500000.0,771900000.0,-638600000.0,151000000.0,1781200000.0,3843000000.0,1815200000.0,1781200000.0,-103500000.0,-103500000.0,2406700000.0,1800000.0,1800000.0,3991500000.0,2710200000.0,311000000.0,,2180700000.0,118900000.0,2061800000.0,1281300000.0,33400000.0,438200000.0,438200000.0,64600000.0,32100000.0,32500000.0,32500000.0,,557300000.0,180700000.0,376600000.0,142500000.0,119600000.0,234100000.0,5806700000.0,3753500000.0,232700000.0,286200000.0,286200000.0,,,,,814800000.0,-559000000.0,1373800000.0,,145500000.0,640100000.0,47500000.0,0.0,2053200000.0,28900000.0,1067800000.0,701200000.0,101200000.0,565500000.0,183400000.0,,183400000.0,,,BRKR,218500000.0,100000000.0,118500000.0,187800000.0,,,2419800000.0,912500000.0,1507300000.0,540700000.0,10700000.0,228500000.0,348900000.0,388700000.0,-6500000.0,572000000.0,1237200000.0,713400000.0,0.0,,,,,61200000.0,34000000.0,,,101700000.0,,,,,,,,,,,,,,,,,10000000.0,,,,,0.0,34500000.0,,,,mid_cap
2023-12-31,30778879.0,145164826.0,175943705.0,793200000.0,1379600000.0,464100000.0,2658700000.0,962100000.0,464100000.0,98100000.0,1377200000.0,2537500000.0,1413300000.0,1377200000.0,6000000.0,6000000.0,2323800000.0,1700000.0,1700000.0,2836600000.0,1634500000.0,240200000.0,,1235100000.0,74800000.0,1160300000.0,1202100000.0,51800000.0,400000000.0,400000000.0,144500000.0,23300000.0,121200000.0,121200000.0,,439300000.0,79200000.0,360100000.0,157400000.0,138700000.0,202700000.0,4249900000.0,2085700000.0,184000000.0,297200000.0,297200000.0,,,,,691400000.0,-524200000.0,1215600000.0,,91700000.0,586900000.0,38900000.0,0.0,2164200000.0,18300000.0,968300000.0,621800000.0,83900000.0,492000000.0,488300000.0,,488300000.0,,,BRKR,159200000.0,91500000.0,67700000.0,166500000.0,,,913100000.0,330500000.0,582600000.0,498100000.0,12000000.0,183900000.0,314900000.0,371200000.0,-4600000.0,496600000.0,1237200000.0,282900000.0,0.0,,,,,55500000.0,36100000.0,,,98300000.0,,,,76600000.0,76600000.0,,,,,0.0,,,,,,,,,,,,,45900000.0,,,,mid_cap
2022-12-31,28366442.0,147023144.0,175389586.0,573700000.0,1270400000.0,385300000.0,2333000000.0,1198900000.0,385300000.0,51200000.0,1113800000.0,2314300000.0,1131800000.0,1113800000.0,14800000.0,14800000.0,1926000000.0,1700000.0,1700000.0,2480000000.0,1565700000.0,120800000.0,,1235300000.0,34800000.0,1200500000.0,914300000.0,23800000.0,370200000.0,370200000.0,35100000.0,16400000.0,18700000.0,18700000.0,,349100000.0,66700000.0,282400000.0,104000000.0,85500000.0,178400000.0,3611800000.0,1498600000.0,155100000.0,76800000.0,76800000.0,,,,,538200000.0,-446700000.0,984900000.0,,51200000.0,462600000.0,36600000.0,0.0,2113200000.0,12800000.0,800100000.0,595300000.0,60800000.0,472700000.0,645500000.0,0.0,645500000.0,,,BRKR,163900000.0,101600000.0,62300000.0,136100000.0,,,728500000.0,270900000.0,457600000.0,434500000.0,14800000.0,128200000.0,278700000.0,300900000.0,-5300000.0,478000000.0,1085000000.0,256300000.0,0.0,,,,,43300000.0,18000000.0,,,92300000.0,,,,45700000.0,45700000.0,,,,,1400000.0,,,,,,,,,,,6100000.0,,61800000.0,,,,mid_cap
2021-12-31,,,,,,,,,,,,,,,,,,,,,,,,,,,,,,,,,,,,,,,,,,,,,,,,,,,,,,,,,,,,,,,,,,100000000.0,,,,BRKR,,,,,,,,,,,,,,,-4200000.0,421100000.0,,,,,,,,,,,,,,,,104700000.0,104700000.0,,,,,4400000.0,,,,,,,,,,,200000.0,,,,,,mid_cap
2024-09-30,59196000.0,53921000.0,113117000.0,,317323000.0,2196618000.0,2513941000.0,1929750000.0,2196618000.0,,2196618000.0,2496441000.0,2361508000.0,2196618000.0,66741000.0,66741000.0,-2707472000.0,539000.0,539000.0,2461337000.0,520658000.0,220835000.0,,299823000.0,,299823000.0,1940679000.0,,215553000.0,215553000.0,17500000.0,,17500000.0,17500000.0,,1707626000.0,265642000.0,1441984000.0,,,1441984000.0,4822845000.0,952416000.0,175646000.0,160703000.0,160703000.0,,,,,616067000.0,-1962172000.0,2578239000.0,46074000.0,,1776630000.0,735197000.0,0.0,3870429000.0,79301000.0,1443629000.0,1721639000.0,384077000.0,1337562000.0,625860000.0,,625860000.0,,,SANM,,,,,,,,,,,,,,,-7000000.0,1344562000.0,1739550000.0,6576360000.0,0.0,,,,20338000.0,,164890000.0,,,,,,,,,,,,,,,,,,,,,,,,,,,,,,mid_cap
2023-09-30,54718000.0,56833000.0,111551000.0,,338272000.0,2168950000.0,2507222000.0,1846238000.0,2168950000.0,,2168950000.0,2481277000.0,2318625000.0,2168950000.0,70879000.0,70879000.0,-2930008000.0,568000.0,568000.0,2555343000.0,522011000.0,209684000.0,,312327000.0,,312327000.0,2033332000.0,,,,25945000.0,,25945000.0,25945000.0,,2007387000.0,448094000.0,1559293000.0,,,1559293000.0,4873968000.0,994398000.0,183965000.0,177597000.0,177597000.0,,,,,632836000.0,-1865892000.0,2498728000.0,44619000.0,,1651974000.0,677478000.0,0.0,3879570000.0,58249000.0,1477223000.0,1676528000.0,445757000.0,1230771000.0,667570000.0,,667570000.0,,,SANM,,,,,,,,,,,,,,,-8000000.0,1238771000.0,1485252000.0,6512763000.0,0.0,,,,124657000.0,,149675000.0,,,,,,,,,,,,,,,,,,,,,,,,,,,,,,mid_cap
2022-09-30,52766000.0,57394000.0,110160000.0,,346737000.0,1819536000.0,2166273000.0,1419190000.0,1819536000.0,,1819536000.0,2148773000.0,1819536000.0,1819536000.0,56325000.0,56325000.0,-3239978000.0,574000.0,574000.0,3015995000.0,544570000.0,215333000.0,,329237000.0,,329237000.0,2471425000.0,,,,17500000.0,,17500000.0,17500000.0,,2453925000.0,412491000.0,2041434000.0,,,2041434000.0,4835531000.0,944916000.0,160192000.0,209554000.0,209554000.0,,,,,575170000.0,-1764793000.0,2339963000.0,42793000.0,,1548403000.0,656839000.0,0.0,3890615000.0,62044000.0,1684099000.0,1614615000.0,475721000.0,1138894000.0,529857000.0,,529857000.0,,,SANM,,,,,,,,,,,,,,,-8000000.0,1146894000.0,1378159000.0,6380774000.0,0.0,,,,91928000.0,62044000.0,0.0,,,,,,,,,,,,,,,,,,,,,,,,,,,,,,mid_cap
2021-09-30,,,,,,,,,,,,,,,,,,,,,,,,,,,,,,,,,,,,,,,,,,,,,,,,,,,,,,,,,,,,,,,,,,,,,,SANM,,,,,,,,,,,,,,,,,,,,,,,,53952000.0,,,,,,,,,,,,,,,,,,,,,,,,,,,,,,,mid_cap
2024-01-31,13720283.0,64415861.0,78136144.0,1242454000.0,1377599000.0,-884227000.0,1063605000.0,317041000.0,-884227000.0,6560000.0,-307434000.0,1063605000.0,-307250000.0,-307434000.0,-2993000.0,-2993000.0,-233790000.0,785000.0,785000.0,1680985000.0,1463829000.0,91961000.0,,1371039000.0,,1371039000.0,217156000.0,,26504000.0,19092000.0,6560000.0,6560000.0,,,,162636000.0,114661000.0,47975000.0,2924000.0,2924000.0,45051000.0,1373735000.0,839538000.0,91113000.0,18014000.0,18014000.0,,,,,153618000.0,-283725000.0,437343000.0,13742000.0,,355451000.0,13577000.0,0.0,534197000.0,12661000.0,144992000.0,151624000.0,17302000.0,134322000.0,143130000.0,14545000.0,128585000.0,,,SMTC,829000.0,,829000.0,21456000.0,,,576793000.0,35566000.0,541227000.0,49897000.0,,29163000.0,69404000.0,46425000.0,-4161000.0,138483000.0,556888000.0,485452000.0,,541000.0,,,4676000.0,81790000.0,184000.0,,,,,,,,,,,,,,,,,,,,,,,,,,,,,,mid_cap
2023-01-31,14265563.0,63870581.0,78136144.0,1104560000.0,1346279000.0,-740953000.0,2095922000.0,325931000.0,-740953000.0,6209000.0,755852000.0,2052818000.0,756035000.0,755852000.0,3360000.0,3360000.0,858240000.0,785000.0,785000.0,1813593000.0,1416738000.0,114707000.0,,1296966000.0,,1296966000.0,396855000.0,,31489000.0,26775000.0,49313000.0,6209000.0,43104000.0,43104000.0,,245247000.0,136049000.0,109198000.0,8522000.0,8522000.0,100676000.0,2569628000.0,1846842000.0,116961000.0,63783000.0,63783000.0,,,,,169293000.0,-257978000.0,427271000.0,13980000.0,,334236000.0,13577000.0,0.0,722786000.0,111634000.0,207704000.0,161695000.0,,161695000.0,235510000.0,,235510000.0,,,SMTC,5065000.0,,5065000.0,69654000.0,,,1496805000.0,215102000.0,1281703000.0,46596000.0,,42021000.0,88764000.0,76919000.0,-3881000.0,165576000.0,577907000.0,471374000.0,,1152000.0,,,18882000.0,6243000.0,183000.0,,,,,,,,,,,,,,,,,,,,,,,,,,,,,,mid_cap
2022-01-31,14037579.0,64098565.0,78136144.0,,175653000.0,379639000.0,909260000.0,373896000.0,379639000.0,3977000.0,737584000.0,909260000.0,737775000.0,737584000.0,-2075000.0,-2075000.0,796860000.0,785000.0,785000.0,393136000.0,264737000.0,91929000.0,,171676000.0,,171676000.0,128399000.0,,15013000.0,13047000.0,3977000.0,3977000.0,,,,70150000.0,19455000.0,50695000.0,0.0,0.0,50695000.0,1130911000.0,628616000.0,107928000.0,27803000.0,27803000.0,,,,,134940000.0,-254764000.0,389704000.0,11741000.0,,309541000.0,13605000.0,0.0,502295000.0,31201000.0,114003000.0,71507000.0,,71507000.0,279601000.0,,279601000.0,,,SMTC,1132000.0,,1132000.0,38619000.0,,,357945000.0,6804000.0,351141000.0,39448000.0,,24254000.0,85445000.0,4304000.0,-747000.0,72254000.0,549942000.0,491956000.0,,640000.0,,,15369000.0,5983000.0,191000.0,,,,,,,,,,,,,,,,,,,,,,,,,,,,,,mid_cap
2024-12-31,20645798.0,51506059.0,72151857.0,1270000000.0,2362000000.0,-727000000.0,5757000000.0,736000000.0,-727000000.0,191000000.0,3586000000.0,5678000000.0,3586000000.0,3586000000.0,-44000000.0,-44000000.0,4860000000.0,1000000.0,1000000.0,4382000000.0,2678000000.0,70000000.0,,2247000000.0,155000000.0,2092000000.0,1704000000.0,79000000.0,453000000.0,453000000.0,115000000.0,36000000.0,79000000.0,79000000.0,,906000000.0,237000000.0,669000000.0,36000000.0,36000000.0,633000000.0,7968000000.0,5528000000.0,231000000.0,512000000.0,512000000.0,,,,,472000000.0,-476000000.0,948000000.0,115000000.0,167000000.0,517000000.0,7000000.0,0.0,2440000000.0,134000000.0,693000000.0,712000000.0,,692000000.0,901000000.0,,901000000.0,,,ZBRA,361000000.0,304000000.0,57000000.0,174000000.0,,,4313000000.0,422000000.0,3891000000.0,99000000.0,,441000000.0,4000000.0,248000000.0,-1000000.0,693000000.0,1900000000.0,669000000.0,0.0,56000000.0,,,43000000.0,,,,,,,,,,,,,,,,,,,,,,,,,,,,20000000.0,,,,mid_cap
2023-12-31,20772995.0,51378862.0,72151857.0,2083000000.0,2414000000.0,-1386000000.0,5256000000.0,74000000.0,-1386000000.0,194000000.0,3036000000.0,5083000000.0,3036000000.0,3036000000.0,-54000000.0,-54000000.0,4332000000.0,1000000.0,1000000.0,4270000000.0,2672000000.0,94000000.0,,2199000000.0,152000000.0,2047000000.0,1598000000.0,7000000.0,458000000.0,458000000.0,215000000.0,42000000.0,173000000.0,173000000.0,,838000000.0,375000000.0,463000000.0,7000000.0,7000000.0,456000000.0,7306000000.0,5634000000.0,296000000.0,438000000.0,438000000.0,,,,,478000000.0,-422000000.0,900000000.0,112000000.0,169000000.0,481000000.0,8000000.0,0.0,1672000000.0,147000000.0,804000000.0,584000000.0,,521000000.0,137000000.0,,137000000.0,,,ZBRA,379000000.0,312000000.0,67000000.0,47000000.0,,,4422000000.0,527000000.0,3895000000.0,86000000.0,,397000000.0,4000000.0,403000000.0,-1000000.0,522000000.0,1858000000.0,615000000.0,0.0,40000000.0,,,44000000.0,,,,,,,,,,,,,,,,,,,,,,,,,,,,63000000.0,,,,mid_cap
2022-12-31,20700357.0,51451500.0,72151857.0,1918000000.0,2199000000.0,-1796000000.0,4756000000.0,-449000000.0,-1796000000.0,176000000.0,2733000000.0,4542000000.0,2733000000.0,2733000000.0,-66000000.0,-66000000.0,4036000000.0,1000000.0,1000000.0,4796000000.0,2464000000.0,108000000.0,,1948000000.0,139000000.0,1809000000.0,2332000000.0,19000000.0,425000000.0,425000000.0,251000000.0,37000000.0,214000000.0,214000000.0,,1475000000.0,526000000.0,949000000.0,138000000.0,138000000.0,811000000.0,7529000000.0,5646000000.0,276000000.0,407000000.0,407000000.0,,,,,434000000.0,-407000000.0,841000000.0,88000000.0,156000000.0,467000000.0,7000000.0,0.0,1883000000.0,124000000.0,860000000.0,794000000.0,,768000000.0,105000000.0,,105000000.0,,,ZBRA,408000000.0,333000000.0,75000000.0,107000000.0,,,4529000000.0,630000000.0,3899000000.0,75000000.0,,487000000.0,4000000.0,369000000.0,-1000000.0,769000000.0,1799000000.0,561000000.0,0.0,55000000.0,,,48000000.0,,,,,,,,,,,,,,,,,,,,,,,,,,,,26000000.0,,,,mid_cap
2021-12-31,,,,,,,,,,,,,,,,,,,,,,,,,,,,15000000.0,,,,,,,,,,,,,,,,,,,,,,,,,,,,,,,,,,,,,,,,,,ZBRA,,,,,,,,,,,,,,,,,,,,,,,,106000000.0,,,,,,,,,,,,,,,,,,,,,,,,,,,,,,,mid_cap
2024-12-31,,495000000.0,495000000.0,,1480000000.0,5856000000.0,15316000000.0,3919000000.0,5856000000.0,572000000.0,14408000000.0,15283000000.0,14408000000.0,14408000000.0,-296000000.0,-296000000.0,14686000000.0,5000000.0,5000000.0,5558000000.0,1973000000.0,494000000.0,0.0,1295000000.0,420000000.0,875000000.0,3585000000.0,593000000.0,450000000.0,450000000.0,185000000.0,152000000.0,33000000.0,33000000.0,,858000000.0,418000000.0,440000000.0,100000000.0,100000000.0,340000000.0,19966000000.0,12462000000.0,1026000000.0,1248000000.0,1248000000.0,90000000.0,90000000.0,,,1546000000.0,-2787000000.0,4333000000.0,373000000.0,552000000.0,2551000000.0,6000000.0,0.0,7504000000.0,1202000000.0,,4059000000.0,,4059000000.0,2243000000.0,12000000.0,2231000000.0,,,CTSH,184000000.0,30000000.0,154000000.0,1499000000.0,,,8552000000.0,1599000000.0,6953000000.0,736000000.0,,,,,-26000000.0,4085000000.0,,13000000.0,0.0,,,,115000000.0,,,,,,,,,,,,,,,,,,,,,,,,,,,,,,,,mid_cap
2023-12-31,0.0,498000000.0,498000000.0,,1315000000.0,5993000000.0,13866000000.0,4173000000.0,5993000000.0,676000000.0,13227000000.0,13833000000.0,13227000000.0,13227000000.0,-94000000.0,-94000000.0,13301000000.0,5000000.0,5000000.0,5256000000.0,1923000000.0,369000000.0,157000000.0,1129000000.0,523000000.0,606000000.0,3333000000.0,500000000.0,385000000.0,385000000.0,186000000.0,153000000.0,33000000.0,33000000.0,,751000000.0,387000000.0,364000000.0,27000000.0,27000000.0,337000000.0,18483000000.0,10977000000.0,1011000000.0,993000000.0,993000000.0,80000000.0,80000000.0,,,1659000000.0,-2772000000.0,4431000000.0,422000000.0,611000000.0,2534000000.0,7000000.0,0.0,7506000000.0,1022000000.0,,3849000000.0,,3849000000.0,2635000000.0,14000000.0,2621000000.0,,,CTSH,268000000.0,42000000.0,226000000.0,1511000000.0,,,7234000000.0,1149000000.0,6085000000.0,769000000.0,,,,,-32000000.0,3881000000.0,,15000000.0,0.0,,,,88000000.0,,,,,,,,,,,,,,,,,,,,,,,,,,,,,,,,mid_cap
2022-12-31,,509000000.0,509000000.0,,1534000000.0,5431000000.0,12955000000.0,3919000000.0,5431000000.0,888000000.0,12309000000.0,12947000000.0,12309000000.0,12309000000.0,-299000000.0,-299000000.0,12588000000.0,5000000.0,5000000.0,5543000000.0,2196000000.0,362000000.0,283000000.0,1352000000.0,714000000.0,638000000.0,3347000000.0,357000000.0,398000000.0,398000000.0,182000000.0,174000000.0,8000000.0,8000000.0,,964000000.0,387000000.0,577000000.0,217000000.0,217000000.0,360000000.0,17852000000.0,10586000000.0,1019000000.0,642000000.0,642000000.0,70000000.0,70000000.0,,,1977000000.0,-2716000000.0,4693000000.0,398000000.0,876000000.0,2530000000.0,7000000.0,0.0,7266000000.0,969000000.0,,3796000000.0,,3796000000.0,2501000000.0,310000000.0,2191000000.0,,,CTSH,199000000.0,19000000.0,180000000.0,1446000000.0,,,6878000000.0,1168000000.0,5710000000.0,771000000.0,,,,,-43000000.0,3839000000.0,,15000000.0,0.0,,,,111000000.0,,,,,,,,,,,,,,,,,,,,,,,,,,,,,,,,mid_cap
2021-12-31,,,,,,,,,,,,,,,,,,,,,,,378000000.0,,,,,,,,,,,,,,,,,,,,,,,,,66000000.0,,,,,,,,,,,,,,,,,,,,,,CTSH,,,,,,,,,,,,,,,,,,,,,,,,,,,,,,,,,,,,,,,,,,,,,,,,,,,,,,,mid_cap
2024-12-31,44895000.0,25682000.0,70577000.0,,487544000.0,526164000.0,1328987000.0,505012000.0,526164000.0,15772000.0,857215000.0,872658000.0,857215000.0,857215000.0,-458000.0,-458000.0,1775823000.0,705000.0,705000.0,978314000.0,252504000.0,19201000.0,,31215000.0,15772000.0,15443000.0,725810000.0,,178009000.0,178009000.0,456329000.0,,456329000.0,456329000.0,,48897000.0,25134000.0,23763000.0,,,12206000.0,1835529000.0,604707000.0,3291000.0,128133000.0,128133000.0,19851000.0,,,,33762000.0,-25210000.0,58972000.0,15207000.0,16384000.0,23864000.0,,0.0,1230822000.0,4482000.0,,204993000.0,,188302000.0,958208000.0,430848000.0,527360000.0,,,IDCC,202088000.0,182119000.0,,42575000.0,,,331051000.0,308630000.0,22421000.0,3517000.0,,,,,,,1727395000.0,808540000.0,0.0,,,88619000.0,,38952000.0,0.0,,,,,,,,,,,,,,,24187000.0,,,,,,,,,,11557000.0,16691000.0,,,,small_cap
2023-12-31,43927000.0,25580000.0,69507000.0,170695000.0,625156000.0,246127000.0,1189320000.0,286496000.0,246127000.0,17385000.0,581549000.0,610568000.0,581549000.0,581549000.0,-647000.0,-647000.0,1462070000.0,694000.0,694000.0,1189265000.0,308137000.0,19454000.0,,46404000.0,17385000.0,29019000.0,881128000.0,,229697000.0,229697000.0,578752000.0,,578752000.0,578752000.0,,40014000.0,21942000.0,18072000.0,,,7846000.0,1770814000.0,603190000.0,2854000.0,128967000.0,128967000.0,31895000.0,,,,27312000.0,-24310000.0,51622000.0,14802000.0,16807000.0,16496000.0,,0.0,1167624000.0,8903000.0,,137127000.0,,117292000.0,1006356000.0,569280000.0,437076000.0,,,IDCC,242279000.0,223866000.0,,32665000.0,,,335422000.0,313001000.0,22421000.0,3517000.0,,,,,,,1623549000.0,742981000.0,0.0,,,76740000.0,,9353000.0,0.0,,,,,,,,,,,,,0.0,,5885000.0,,,,,,,,,,10226000.0,19835000.0,,,,small_cap
2022-12-31,42255000.0,29668000.0,71923000.0,,626989000.0,348475000.0,1331961000.0,1073329000.0,348475000.0,19923000.0,724895000.0,1331961000.0,730513000.0,724895000.0,-916000.0,-916000.0,1492046000.0,719000.0,719000.0,1169592000.0,898246000.0,19599000.0,,626989000.0,19923000.0,607066000.0,271346000.0,,189059000.0,189059000.0,,,,,,43887000.0,23506000.0,20381000.0,,,9997000.0,1900105000.0,555430000.0,6302000.0,94373000.0,94373000.0,19593000.0,,,,29372000.0,-21946000.0,51318000.0,12636000.0,19351000.0,15814000.0,,0.0,1344675000.0,2873000.0,,117299000.0,,53182000.0,1201777000.0,508298000.0,693479000.0,,,IDCC,251658000.0,237580000.0,,38400000.0,,,376420000.0,353999000.0,22421000.0,3517000.0,,,,,0.0,53182000.0,1484056000.0,717102000.0,0.0,,,29370000.0,,9044000.0,5618000.0,,,,,,,,,,,,,4000000.0,,9682000.0,,,,,,,,,,10384000.0,64117000.0,,,,small_cap
2021-12-31,,,,,,,,,,,,,,,,,,,,,,,,,,,,,,,,,,,,,,,,,,,,,,,,,,,,,,,,,,,,,,,,,,,,,,IDCC,,,,,,,,,,,,,,,-322000.0,31435000.0,,,,,,,,,7678000.0,,,,,,,,,,,,,4000000.0,,,,,,,,,,,,,,,,,small_cap
2024-12-31,,77114633.0,77114633.0,,39227000.0,738242000.0,961082000.0,473783000.0,738242000.0,25913000.0,947768000.0,959976000.0,947768000.0,947768000.0,-10840000.0,-10840000.0,120945000.0,77000.0,77000.0,198447000.0,67102000.0,19344000.0,,29758000.0,17550000.0,12208000.0,131345000.0,,15847000.0,15847000.0,9469000.0,8363000.0,1106000.0,1106000.0,,73918000.0,8662000.0,65256000.0,2969000.0,2969000.0,62287000.0,1146215000.0,541087000.0,6740000.0,92012000.0,92012000.0,0.0,,,,232809000.0,-379968000.0,612777000.0,101374000.0,22579000.0,361975000.0,17124000.0,0.0,605128000.0,35389000.0,101676000.0,104294000.0,,104294000.0,360023000.0,169295000.0,190728000.0,,,FORM,18000000.0,18000000.0,0.0,32111000.0,,0.0,209526000.0,10355000.0,199171000.0,46578000.0,,17763000.0,38366000.0,45547000.0,-4000.0,104298000.0,,837586000.0,0.0,,,,63147000.0,,,,,,,,,,,,,,,,,3746000.0,,,,,,,,,,,,,,,small_cap
2023-12-31,,77376903.0,77376903.0,,48145000.0,694776000.0,923193000.0,442685000.0,694776000.0,33756000.0,908804000.0,922118000.0,908804000.0,908804000.0,-4052000.0,-4052000.0,51331000.0,77000.0,77000.0,197990000.0,66895000.0,10247000.0,,38648000.0,25334000.0,13314000.0,131095000.0,,16704000.0,16704000.0,9497000.0,8422000.0,1075000.0,1075000.0,,80558000.0,8496000.0,72062000.0,8205000.0,8205000.0,63857000.0,1106794000.0,533014000.0,5104000.0,78964000.0,78964000.0,,,,,234918000.0,-358021000.0,592939000.0,91063000.0,30519000.0,340571000.0,17124000.0,0.0,573780000.0,29667000.0,111685000.0,102957000.0,,102957000.0,328319000.0,150507000.0,177812000.0,,,FORM,18000000.0,18000000.0,0.0,24336000.0,,,214028000.0,12938000.0,201090000.0,46526000.0,,21541000.0,39336000.0,50808000.0,-501000.0,103458000.0,,861448000.0,0.0,,,,67136000.0,,,,,,,,,,,,,,,,,1152000.0,,,,,,,,,,,,,,,small_cap
2022-12-31,,76914590.0,76914590.0,,50374000.0,570090000.0,823719000.0,324885000.0,570090000.0,34940000.0,808285000.0,822674000.0,808285000.0,808285000.0,-5578000.0,-5578000.0,-31056000.0,77000.0,77000.0,199943000.0,50276000.0,5568000.0,,41976000.0,27587000.0,14389000.0,149667000.0,,29846000.0,29846000.0,8398000.0,7353000.0,1045000.0,1045000.0,,90974000.0,8849000.0,82125000.0,12817000.0,12817000.0,69308000.0,1008228000.0,533676000.0,6625000.0,67646000.0,67646000.0,,,,,221210000.0,-335711000.0,556921000.0,86500000.0,31362000.0,329533000.0,17136000.0,0.0,474552000.0,23895000.0,123157000.0,88143000.0,,88143000.0,238136000.0,129006000.0,109130000.0,,,FORM,2732000.0,0.0,2732000.0,20449000.0,,,238195000.0,26751000.0,211444000.0,44932000.0,,21364000.0,46067000.0,55726000.0,-168000.0,88311000.0,,844842000.0,0.0,,,,47458000.0,,,,,,,,,,,,,,,,,1221000.0,,,,,,,,,,,,,,,small_cap
2021-12-31,,,,,,,,,,,,,,,,,,,,,,,,,,,,,,,,,,,,,,,,,,,,,,,,,,,,,,,,,,,,,,,,,,,,,,FORM,,,,,,,,,,,,,,,,,,,,,,,,18652000.0,,,,,,,,,,,,,,,,,,,,,,,,,,,,,,,small_cap
2024-12-31,,37711000.0,37711000.0,,671700000.0,767700000.0,1767800000.0,1075000000.0,767700000.0,107000000.0,1203100000.0,1767800000.0,1203100000.0,1203100000.0,-11800000.0,-11800000.0,1026700000.0,0.0,0.0,1058800000.0,744500000.0,37500000.0,,653900000.0,89200000.0,564700000.0,314300000.0,11500000.0,,,17800000.0,17800000.0,,,,285000000.0,141500000.0,143500000.0,,,143500000.0,2261900000.0,872600000.0,155300000.0,,,,,,,281900000.0,-201000000.0,482900000.0,93000000.0,96300000.0,61600000.0,,0.0,1389300000.0,41500000.0,360400000.0,265300000.0,,265300000.0,722100000.0,,722100000.0,,,AEIS,3500000.0,,,,,,435400000.0,139400000.0,296000000.0,196600000.0,,84700000.0,20600000.0,255100000.0,-900000.0,266200000.0,,189100000.0,0.0,,,,35400000.0,,0.0,,,,,-900000.0,,49600000.0,49600000.0,,,,,,,,,,,,,,,,,,,,,,small_cap
2023-12-31,,37318000.0,37318000.0,,1022753000.0,698864000.0,2059861000.0,1376046000.0,698864000.0,107074000.0,1144182000.0,2039861000.0,1144182000.0,1144182000.0,6114000.0,6114000.0,989731000.0,37000.0,37000.0,1412575000.0,1076727000.0,42583000.0,,985009000.0,89330000.0,895679000.0,335848000.0,15997000.0,,,37744000.0,17744000.0,20000000.0,20000000.0,,282107000.0,140257000.0,141850000.0,,,141850000.0,2556757000.0,844863000.0,136448000.0,,,,,,,263097000.0,-169371000.0,432468000.0,79764000.0,95432000.0,43807000.0,,0.0,1711894000.0,48771000.0,336137000.0,282430000.0,,282430000.0,1044556000.0,,1044556000.0,,,AEIS,0.0,,,,,,445318000.0,161478000.0,283840000.0,191744000.0,,71844000.0,14595000.0,249698000.0,-1762000.0,284192000.0,,148300000.0,0.0,,,,21721000.0,,0.0,,,,,,,49135000.0,49135000.0,,,,,,,,,,,,,,,,,,,,,,small_cap
2022-12-31,,37429000.0,37429000.0,,484493000.0,595308000.0,1439529000.0,795471000.0,595308000.0,111231000.0,1066267000.0,1419529000.0,1066267000.0,1066267000.0,16320000.0,16320000.0,915270000.0,37000.0,37000.0,925901000.0,532858000.0,41105000.0,,447722000.0,94460000.0,353262000.0,393043000.0,26322000.0,26322000.0,26322000.0,36771000.0,16771000.0,20000000.0,20000000.0,,329950000.0,159483000.0,170467000.0,,,170467000.0,1992168000.0,803654000.0,84056000.0,,,,,,,248639000.0,-134821000.0,383460000.0,63103000.0,100177000.0,36281000.0,,0.0,1188514000.0,53001000.0,376012000.0,300683000.0,17066000.0,300683000.0,458818000.0,,458818000.0,,,AEIS,,,,,,,470959000.0,189526000.0,281433000.0,165673000.0,,66055000.0,23002000.0,286955000.0,-1814000.0,302497000.0,,134640000.0,0.0,,,,18226000.0,,0.0,,,,,,,44031000.0,44031000.0,,,,,,,,,,,,,,,,,,,,,,small_cap
2021-12-31,,,,,,,,,,,,,,,,,,,,,,,,,,372733000.0,,,22141000.0,22141000.0,,,20000000.0,20000000.0,,,,,9226000.0,9226000.0,,,,,47242000.0,47242000.0,,,,,,,,,,,,,,,,,19678000.0,,,2296000.0,,,,AEIS,16121000.0,6200000.0,9921000.0,,,,,,,,,,,,,,,,,,19669000.0,,,,645000.0,,,,,,,,,,,,,,,,,,,,,,,,,,10768000.0,,,,small_cap
2024-12-31,11164000.0,101997000.0,113161000.0,414222000.0,1015204000.0,701870000.0,2481978000.0,797690000.0,701870000.0,97050000.0,1563824000.0,2478183000.0,1563824000.0,1563824000.0,-27882000.0,-27882000.0,838422000.0,113000.0,113000.0,1908670000.0,1099616000.0,26011000.0,,1003853000.0,89494000.0,914359000.0,809054000.0,67229000.0,170915000.0,170915000.0,11351000.0,7556000.0,3795000.0,3795000.0,,551874000.0,129734000.0,422140000.0,15919000.0,15919000.0,406221000.0,3472494000.0,1865750000.0,55587000.0,,,,,,,948209000.0,-918879000.0,1867088000.0,,78252000.0,1127773000.0,69788000.0,0.0,1606744000.0,47834000.0,224985000.0,829993000.0,381382000.0,448611000.0,503932000.0,,503932000.0,,,TTMI,69752000.0,28390000.0,41362000.0,,,,861954000.0,191819000.0,670135000.0,515773000.0,,1339000.0,45580000.0,178066000.0,,,157570000.0,910741000.0,,7685000.0,,,75502000.0,,,,,,,,,,,,,,,,,,,,,,9054000.0,,,,,,,,,,small_cap
2023-12-31,9174000.0,102108000.0,111282000.0,467628000.0,1019854000.0,571593000.0,2428875000.0,725703000.0,571593000.0,102018000.0,1511039000.0,2425375000.0,1511039000.0,1511039000.0,-29067000.0,-29067000.0,782123000.0,111000.0,111000.0,1812624000.0,1108640000.0,26661000.0,,1007921000.0,93585000.0,914336000.0,703984000.0,58477000.0,126508000.0,126508000.0,11933000.0,8433000.0,3500000.0,3500000.0,,496509000.0,156434000.0,340075000.0,5466000.0,5466000.0,334609000.0,3323663000.0,1893976000.0,60577000.0,,,,,,,893953000.0,-863236000.0,1757189000.0,,86286000.0,996684000.0,71131000.0,0.0,1429687000.0,54060000.0,213075000.0,712344000.0,298787000.0,413557000.0,450208000.0,,450208000.0,,,TTMI,74058000.0,29820000.0,44238000.0,,,,939446000.0,236711000.0,702735000.0,512148000.0,,1915000.0,45494000.0,165666000.0,,,123091000.0,880963000.0,,10557000.0,,,90940000.0,,,1476000.0,,,,,,836000.0,836000.0,,,,,,,,,,,,9399000.0,,,,,,,,,,small_cap
2022-12-31,7370000.0,102228000.0,109598000.0,526658000.0,962603000.0,487105000.0,2464986000.0,731731000.0,487105000.0,33196000.0,1535579000.0,2414986000.0,1535579000.0,1535579000.0,-24790000.0,-24790000.0,800841000.0,110000.0,110000.0,1788025000.0,1026700000.0,25976000.0,,905235000.0,25828000.0,879407000.0,761325000.0,63022000.0,103981000.0,103981000.0,57368000.0,7368000.0,50000000.0,50000000.0,,528909000.0,139064000.0,389845000.0,28057000.0,28057000.0,361788000.0,3323604000.0,1830548000.0,39008000.0,,,,,,,743066000.0,-824996000.0,1568062000.0,,18862000.0,1001262000.0,76811000.0,0.0,1493056000.0,41415000.0,170639000.0,878253000.0,405028000.0,473225000.0,402749000.0,,402749000.0,,,TTMI,93018000.0,38750000.0,54268000.0,,,,1048474000.0,288037000.0,760437000.0,443353000.0,,4964000.0,20114000.0,145561000.0,,,98659000.0,858077000.0,,8045000.0,39008000.0,,27774000.0,41415000.0,,0.0,,,,,,2471000.0,2471000.0,,,,,,,,,69240000.0,,,9336000.0,,,,,,,,,,small_cap
2021-12-31,,,,,,,,,,,,,,,,,,,,,,,,,,,,,,,,,,,,,,,,,,,,,,,,,,,,,,,,,,,,,,,,,,,,,,TTMI,,,,,,,,,,,,,,,,,,,,,54335000.0,,,30914000.0,,0.0,,,,,,5276000.0,5276000.0,,,,,,,,,0.0,,,,,,,,,,,,,small_cap
2024-10-31,,61949000.0,61949000.0,,22959000.0,1120864000.0,1120864000.0,747251000.0,1120864000.0,22959000.0,1120864000.0,1120864000.0,1480759000.0,1120864000.0,-86319000.0,-86319000.0,691807000.0,619000.0,619000.0,231300000.0,47489000.0,18214000.0,4310000.0,3062000.0,3062000.0,,183811000.0,,12375000.0,12375000.0,19897000.0,19897000.0,,,,120351000.0,14597000.0,105754000.0,27037000.0,24200000.0,78717000.0,1712059000.0,780997000.0,12681000.0,23059000.0,23059000.0,,,,,745257000.0,-1574100000.0,2319357000.0,19268000.0,,2008701000.0,11419000.0,0.0,931062000.0,6175000.0,56527000.0,220046000.0,11532000.0,200830000.0,640669000.0,42184000.0,598485000.0,184411000.0,414074000.0,PLAB,8910000.0,8910000.0,,31188000.0,,,,,,188756000.0,,1000.0,398000.0,56128000.0,-1126000.0,201956000.0,,514757000.0,0.0,,,,91213000.0,7645000.0,359895000.0,,,,,,,12993000.0,12993000.0,,,,,,,,,,,,,,,,,,7684000.0,,,,small_cap
2023-10-31,0.0,61310000.0,61310000.0,,30749000.0,975008000.0,975008000.0,600227000.0,975008000.0,30749000.0,975008000.0,975008000.0,1275609000.0,975008000.0,-88734000.0,-88734000.0,561119000.0,613000.0,613000.0,250612000.0,65389000.0,12103000.0,6622000.0,22216000.0,22216000.0,,185223000.0,,9965000.0,9965000.0,8533000.0,8533000.0,,,,129507000.0,17880000.0,111627000.0,27603000.0,24080000.0,84024000.0,1526221000.0,740771000.0,10230000.0,21297000.0,21297000.0,,,,,709244000.0,-1500209000.0,2209453000.0,18894000.0,,1937897000.0,11378000.0,0.0,785450000.0,2537000.0,49963000.0,208223000.0,10984000.0,194927000.0,512207000.0,12915000.0,499292000.0,,,PLAB,12454000.0,12454000.0,,37218000.0,,,,,,185850000.0,,5000.0,1010000.0,48948000.0,-1099000.0,196026000.0,,502010000.0,0.0,,,,55434000.0,12520000.0,300601000.0,,,,,,,11994000.0,11994000.0,,,,,,,,,,0.0,,,,,,,,2312000.0,,,,small_cap
2022-10-31,,60791000.0,60791000.0,,43688000.0,831527000.0,842778000.0,450855000.0,831527000.0,32437000.0,831527000.0,839266000.0,1062089000.0,831527000.0,-98456000.0,,435634000.0,608000.0,608000.0,253741000.0,59944000.0,27634000.0,,32310000.0,24571000.0,7739000.0,193797000.0,,18872000.0,18872000.0,11378000.0,7866000.0,3512000.0,3512000.0,,130486000.0,10402000.0,120084000.0,40518000.0,37595000.0,79566000.0,1315830000.0,671178000.0,7489000.0,19816000.0,19816000.0,,,,,643873000.0,-1428766000.0,2072639000.0,18802000.0,,1783833000.0,11134000.0,0.0,644652000.0,814000.0,50753000.0,216613000.0,15752000.0,198147000.0,358500000.0,38820000.0,319680000.0,,,PLAB,,,,33061000.0,,,,,,168024000.0,,19000.0,1408000.0,49326000.0,-1002000.0,199149000.0,,493741000.0,0.0,,,,90846000.0,17972000.0,230562000.0,,,,,,,,,,,,,,,,,,3512000.0,,,,,,,,2714000.0,,,,small_cap
2021-10-31,,,,,,,,,,,,,,,,,,,,,,,,,,58363000.0,,,,,,,14959000.0,14959000.0,,,,,,,,,,,,,,,,,,,,,,,,,,,,,,,,,,,,PLAB,,,,,,,774000.0,774000.0,,,,,,,,,,,,,,,,,,,,,,,,,,,,,,,,,,,,,,,,,,,,,,,small_cap
2024-12-31,2891000.0,46710000.0,49601000.0,,18693000.0,511535000.0,865691000.0,449123000.0,511535000.0,9893000.0,856891000.0,863943000.0,856891000.0,856891000.0,-51155000.0,-51155000.0,248740000.0,49601000.0,49601000.0,142524000.0,57340000.0,,5691000.0,16945000.0,9893000.0,7052000.0,85184000.0,,6353000.0,6353000.0,1748000.0,,1748000.0,1115000.0,,57060000.0,24112000.0,32948000.0,2394000.0,2394000.0,30554000.0,999415000.0,465108000.0,31058000.0,,,,,,,88694000.0,-84655000.0,173349000.0,,13908000.0,104767000.0,6941000.0,0.0,534307000.0,19442000.0,141861000.0,91619000.0,,91619000.0,262092000.0,55685000.0,206407000.0,,,COHU,19402000.0,,19402000.0,20023000.0,,,345356000.0,110717000.0,234639000.0,47733000.0,,21058000.0,25833000.0,94970000.0,,,87784000.0,697489000.0,0.0,,,,,19293000.0,,,,,,,,8481000.0,8481000.0,6821000.0,,,,,,,,,633000.0,,,,,,,,,,,,small_cap
2023-12-31,2253000.0,47176000.0,49429000.0,,53802000.0,556742000.0,990797000.0,535397000.0,556742000.0,13175000.0,950170000.0,984473000.0,950170000.0,950170000.0,-34779000.0,-34779000.0,318558000.0,49429000.0,49429000.0,200182000.0,96761000.0,,7065000.0,47478000.0,13175000.0,34303000.0,103421000.0,,8334000.0,8334000.0,6324000.0,,6324000.0,4551000.0,,56866000.0,19242000.0,37624000.0,4024000.0,4024000.0,33600000.0,1150352000.0,511534000.0,32243000.0,,,,,,,85863000.0,-86724000.0,172587000.0,,16778000.0,108831000.0,7301000.0,0.0,638818000.0,5007000.0,155793000.0,124624000.0,,124624000.0,335698000.0,90174000.0,245524000.0,,,COHU,23154000.0,,23154000.0,31897000.0,,,393428000.0,151770000.0,241658000.0,39677000.0,,25855000.0,26820000.0,103118000.0,,,69184000.0,686146000.0,0.0,,,,,17696000.0,,,,,,,,10802000.0,10802000.0,8262000.0,,,,,,,,,1773000.0,,,,,,,,,,,,small_cap
2022-12-31,1767000.0,49276000.0,51043000.0,,98184000.0,575198000.0,1007816000.0,603979000.0,575198000.0,19209000.0,928841000.0,1001505000.0,928841000.0,928841000.0,-40012000.0,-40012000.0,290402000.0,49276000.0,49276000.0,298573000.0,137701000.0,,6486000.0,91873000.0,19209000.0,72664000.0,160872000.0,,14908000.0,14908000.0,6311000.0,,6311000.0,4404000.0,,101305000.0,22894000.0,78411000.0,26648000.0,26648000.0,51763000.0,1227414000.0,462563000.0,21105000.0,,,,,,,87815000.0,-78325000.0,166140000.0,,22804000.0,105109000.0,7066000.0,0.0,764851000.0,8969000.0,170141000.0,176148000.0,,176148000.0,385576000.0,143235000.0,242341000.0,,,COHU,21359000.0,,21359000.0,38348000.0,,,353643000.0,140104000.0,213539000.0,31161000.0,,28076000.0,36024000.0,106041000.0,,,58043000.0,687218000.0,0.0,,,,,24017000.0,,,,,,,,10363000.0,10363000.0,7620000.0,,,,,,,,,1907000.0,,,,,,,,,,,,small_cap
2024-09-30,6449364.0,36547361.0,42996725.0,95675000.0,137386000.0,-14648000.0,704220000.0,65110000.0,-14648000.0,14201000.0,581035000.0,704220000.0,581035000.0,581035000.0,-23744000.0,-23744000.0,247350000.0,430000.0,430000.0,234040000.0,144703000.0,6233000.0,2749000.0,134413000.0,11228000.0,123185000.0,89337000.0,15505000.0,30556000.0,30556000.0,2973000.0,2973000.0,,,,26308000.0,,26308000.0,2549000.0,2549000.0,23759000.0,815075000.0,660628000.0,3682000.0,16141000.0,16141000.0,,,,,45122000.0,-46618000.0,91740000.0,,81210000.0,7622000.0,570000.0,0.0,154447000.0,3767000.0,53357000.0,69813000.0,,69640000.0,27510000.0,,27510000.0,,,DGII,1308000.0,,1308000.0,13995000.0,,,595683000.0,252909000.0,342774000.0,2338000.0,,34636000.0,52000.0,18669000.0,-9032000.0,78672000.0,63414000.0,420413000.0,0.0,,,,,,,,,,,,,,,,,,,,,,,,,,,,,,,,173000.0,,,,small_cap
2023-09-30,6436204.0,36064946.0,42501150.0,171881000.0,220915000.0,-78189000.0,744062000.0,80220000.0,-78189000.0,17341000.0,540488000.0,728539000.0,540488000.0,540488000.0,-27011000.0,-27011000.0,224845000.0,425000.0,425000.0,295043000.0,209065000.0,2905000.0,2308000.0,202040000.0,13989000.0,188051000.0,85978000.0,7138000.0,25274000.0,25274000.0,18875000.0,3352000.0,15523000.0,15523000.0,,18264000.0,,18264000.0,1116000.0,1116000.0,17148000.0,835531000.0,669333000.0,3788000.0,4884000.0,4884000.0,,,,,41984000.0,-39546000.0,81530000.0,,71020000.0,7602000.0,570000.0,0.0,166198000.0,4112000.0,74396000.0,55997000.0,,55997000.0,31693000.0,,31693000.0,,,DGII,1812000.0,,1812000.0,16427000.0,,,618677000.0,277084000.0,341593000.0,2338000.0,,44356000.0,66000.0,29974000.0,-5883000.0,61880000.0,61506000.0,403735000.0,0.0,,,,,,,,,,,,,,,,,,,,0.0,,,,,,,,,,,,,0.0,,,small_cap
2022-09-30,6412812.0,35537920.0,41950732.0,203071000.0,258145000.0,-141028000.0,739484000.0,69701000.0,-141028000.0,20174000.0,501513000.0,723961000.0,501513000.0,501513000.0,-26054000.0,-26054000.0,200075000.0,420000.0,420000.0,352382000.0,255875000.0,4342000.0,2441000.0,239426000.0,16978000.0,222448000.0,96507000.0,10940000.0,19803000.0,19803000.0,18719000.0,3196000.0,15523000.0,15523000.0,,32469000.0,,32469000.0,96000.0,96000.0,32373000.0,853895000.0,687687000.0,2253000.0,0.0,0.0,,,,,42893000.0,-33700000.0,76593000.0,,67290000.0,6445000.0,520000.0,0.0,166208000.0,3871000.0,73223000.0,50450000.0,,50450000.0,34900000.0,,34900000.0,,,DGII,9666000.0,,9666000.0,14576000.0,,,642541000.0,302064000.0,340477000.0,2338000.0,,33442000.0,592000.0,39189000.0,-8517000.0,58967000.0,58172000.0,385244000.0,0.0,,,,,,,,,,,,,,,,,,,,3764000.0,,,,,,,,,,,,,3764000.0,,,small_cap
2021-09-30,,,,,,,,,,,,,,,,,,,,,,,,,,,,,,,,,,,,,,,,,,,,,,,,,,,,,,,,,,,,,,,,,,,,,,DGII,,,,,,,,,,,,,,,,,,,,,,,,,,,,,,,,,,,,,,,2698000.0,,,,,,,,,,,,,2698000.0,,,small_cap
2024-12-31,4291076.0,12540438.0,16831514.0,224242000.0,318212000.0,-79408000.0,653071000.0,245461000.0,-79408000.0,25717000.0,360576000.0,653071000.0,441162000.0,360576000.0,-17227000.0,-17227000.0,345031000.0,1258000.0,1258000.0,508627000.0,380558000.0,4826000.0,18127000.0,310258000.0,17763000.0,292495000.0,128069000.0,17902000.0,,,7954000.0,7954000.0,,,,100659000.0,51477000.0,49182000.0,,,49182000.0,949789000.0,576259000.0,34639000.0,16430000.0,16430000.0,9265000.0,,,,73004000.0,-76611000.0,149615000.0,,25125000.0,99747000.0,115000.0,0.0,373530000.0,24525000.0,161370000.0,116370000.0,4994000.0,111376000.0,69203000.0,950000.0,68253000.0,1336000.0,66917000.0,BELFB,28916000.0,,28916000.0,,,9265000.0,439984000.0,231948000.0,208036000.0,19385000.0,,33051000.0,53569000.0,74750000.0,-1336000.0,112712000.0,0.0,31514000.0,0.0,1554000.0,,,5243000.0,,80586000.0,,2937000.0,,,,,18431000.0,18431000.0,,,,,2062000.0,,,,,,,,,,,,,,,,,small_cap
2023-12-31,4291076.0,12761849.0,17052925.0,,80562000.0,264525000.0,400558000.0,270869000.0,264525000.0,20562000.0,340558000.0,400558000.0,340558000.0,340558000.0,-12037000.0,-12037000.0,307510000.0,1279000.0,1279000.0,231073000.0,120464000.0,5097000.0,19823000.0,74212000.0,14212000.0,60000000.0,110609000.0,9161000.0,3046000.0,3046000.0,6350000.0,6350000.0,,,,90510000.0,50069000.0,40441000.0,,,40441000.0,571631000.0,190153000.0,33119000.0,11553000.0,11553000.0,10282000.0,,,,57014000.0,-79195000.0,136209000.0,,20481000.0,98527000.0,348000.0,0.0,381478000.0,19819000.0,136540000.0,96922000.0,12793000.0,84129000.0,126919000.0,37548000.0,89371000.0,31827000.0,57544000.0,BELFB,1456000.0,,1456000.0,,,10282000.0,76033000.0,49391000.0,26642000.0,15286000.0,,30855000.0,42038000.0,63647000.0,-1388000.0,85517000.0,454000.0,44260000.0,0.0,1542000.0,,,1567000.0,,0.0,,2152000.0,,,,,19876000.0,19876000.0,,,,,1278000.0,,,,,,,,,,,,,,,,,small_cap
2022-12-31,4291076.0,12784349.0,17075425.0,24734000.0,116612000.0,183136000.0,357346000.0,245104000.0,183136000.0,21612000.0,262346000.0,357346000.0,262346000.0,262346000.0,-16546000.0,-16546000.0,237188000.0,1281000.0,1281000.0,298120000.0,161816000.0,6497000.0,24798000.0,110742000.0,15742000.0,95000000.0,136304000.0,14972000.0,8847000.0,8847000.0,5870000.0,5870000.0,,,,105328000.0,40739000.0,64589000.0,,,64589000.0,560466000.0,179058000.0,34183000.0,7281000.0,7281000.0,0.0,,,,58384000.0,-108391000.0,166775000.0,,21551000.0,118358000.0,1098000.0,0.0,381408000.0,13159000.0,172465000.0,125518000.0,18244000.0,107274000.0,70266000.0,0.0,70266000.0,,70266000.0,BELFB,1257000.0,,1257000.0,,,0.0,79210000.0,54111000.0,25099000.0,21529000.0,,53496000.0,44397000.0,74572000.0,-1552000.0,108826000.0,349000.0,40772000.0,0.0,1287000.0,,,4239000.0,,,,0.0,,,,,18522000.0,18522000.0,,,,,,,,,,,,,,,,,,,,,,small_cap
2021-12-31,,,,50744000.0,,,,,,,,,,,,,,,,,,,,,,,,,2224000.0,2224000.0,,,,,,,,,,,,,,,,,,,,,,,,,,,,,,,,,,,,,,,,BELFB,,,,,,,,,,,,,,,,,,,,,,,,,,,,,,,,,,,,,,,,,,,,,,,,,,,,,,,small_cap
2024-07-31,15033317.0,28732792.0,43766109.0,145144000.0,215704000.0,-172755000.0,483830000.0,153004000.0,7321000.0,38127000.0,306253000.0,659856000.0,486329000.0,486329000.0,,,103580000.0,184453000.0,4377000.0,426105000.0,242558000.0,4060000.0,2231000.0,203785000.0,30258000.0,173527000.0,183547000.0,7310000.0,65834000.0,65834000.0,11919000.0,7869000.0,4050000.0,4050000.0,,98484000.0,56007000.0,42477000.0,,,42477000.0,912434000.0,575883000.0,14706000.0,3251000.0,,,,,,78918000.0,-141121000.0,220039000.0,17175000.0,31590000.0,171274000.0,,0.0,336551000.0,15387000.0,93136000.0,195595000.0,144419000.0,53108000.0,32433000.0,,32433000.0,,,CMTL,27228000.0,21035000.0,6193000.0,,,,479008000.0,194828000.0,284180000.0,,,,38587000.0,72820000.0,,,441849000.0,640145000.0,180076000.0,,,,,,,5254000.0,,,,,,,,,,,,,,,,,,,1072000.0,-18271000.0,,,,,,,180076000.0,-1932000.0,small_cap
2023-07-31,15033317.0,28062954.0,43096271.0,145443000.0,214812000.0,-135300000.0,602703000.0,93516000.0,-23089000.0,50408000.0,438299000.0,710539000.0,550510000.0,550510000.0,,,238913000.0,116521000.0,4310000.0,445727000.0,233757000.0,1844000.0,2208000.0,201792000.0,41763000.0,160029000.0,211970000.0,12323000.0,66351000.0,66351000.0,13020000.0,8645000.0,4375000.0,4375000.0,,120276000.0,56035000.0,64241000.0,,,64241000.0,996237000.0,690751000.0,17364000.0,2349000.0,,,,,,97439000.0,-150483000.0,247922000.0,9680000.0,44410000.0,193832000.0,,0.0,305486000.0,17521000.0,105845000.0,163159000.0,112810000.0,52438000.0,18961000.0,,18961000.0,,,CMTL,27913000.0,18419000.0,9494000.0,,,,573599000.0,225907000.0,347692000.0,,,,43365000.0,87139000.0,,,441849000.0,636925000.0,112211000.0,,,,,,,,,,,,,,,,,,,,,,,,,,1368000.0,-24659000.0,,,,0.0,,,112211000.0,-2089000.0,small_cap
2022-07-31,15033317.0,27639510.0,42672827.0,108346000.0,183108000.0,-128410000.0,596585000.0,69874000.0,-23206000.0,53108000.0,466585000.0,701789000.0,571789000.0,571789000.0,,,278683000.0,109471000.0,4267000.0,402508000.0,209051000.0,6291000.0,3007000.0,174423000.0,44423000.0,130000000.0,193457000.0,13435000.0,64601000.0,64601000.0,8685000.0,8685000.0,,,,106736000.0,59399000.0,47337000.0,,,44591000.0,974297000.0,710966000.0,14827000.0,1014000.0,,,,,,100130000.0,-150832000.0,250962000.0,14260000.0,49767000.0,186935000.0,,0.0,263331000.0,21649000.0,96317000.0,123711000.0,66126000.0,59922000.0,21654000.0,,21654000.0,,,CMTL,25330000.0,9975000.0,15355000.0,,,,594995000.0,247303000.0,347692000.0,,,,40960000.0,78478000.0,,,441849000.0,625484000.0,105204000.0,,,,,21649000.0,,,,,,,,,,,,,,,,,,,,,172000.0,-23121000.0,,,,2746000.0,,,105204000.0,-2337000.0,small_cap
2021-07-31,,,,,,,,,,,,,,,,,,,,,,,,,,,,,,,,,,,,,,,,,,,,,,,,,,,,,,,,,,,,,,,,,,,,,,CMTL,,,,,,,,,,,,,,,,,,,,,,,,18167000.0,,,,,,,,,,,,,,,,,,,,,,,,,,2601000.0,,,,,small_cap
2024-12-31,27517919.0,30026045.0,57543964.0,,118139000.0,163022000.0,620508000.0,143711000.0,163022000.0,25839000.0,528208000.0,620508000.0,528208000.0,528208000.0,-4266000.0,-4266000.0,652851000.0,321979000.0,321979000.0,237219000.0,138756000.0,8662000.0,,113420000.0,21120000.0,92300000.0,98463000.0,334000.0,,,4719000.0,4719000.0,,,,81218000.0,30452000.0,50766000.0,6936000.0,5418000.0,42629000.0,765427000.0,523253000.0,13180000.0,27591000.0,27591000.0,,,,,117296000.0,-245003000.0,362299000.0,,22939000.0,265950000.0,399000.0,0.0,242174000.0,17879000.0,52312000.0,77649000.0,,77649000.0,94334000.0,,94334000.0,,,CTS,12743000.0,,12743000.0,,,,365186000.0,163882000.0,201304000.0,73011000.0,,12126000.0,22331000.0,31818000.0,-730000.0,78379000.0,487018000.0,44662000.0,,12192000.0,,,,,,,,,,,,3931000.0,3931000.0,,,,,,,,,,,,,-13963000.0,,,,1201000.0,,,,,small_cap
2023-12-31,26619980.0,30824248.0,57444228.0,,96859000.0,265227000.0,594322000.0,222310000.0,265227000.0,29359000.0,526822000.0,594322000.0,526822000.0,526822000.0,4264000.0,4264000.0,602232000.0,319269000.0,319269000.0,214345000.0,117306000.0,5457000.0,,92465000.0,24965000.0,67500000.0,97039000.0,747000.0,,,4394000.0,4394000.0,,,,79854000.0,26681000.0,53173000.0,8441000.0,6899000.0,43499000.0,741167000.0,421818000.0,16023000.0,25183000.0,25183000.0,,,,,119017000.0,-243567000.0,362584000.0,,26425000.0,261435000.0,536000.0,0.0,319349000.0,16873000.0,60031000.0,78569000.0,,78569000.0,163876000.0,,163876000.0,,,CTS,14729000.0,,14729000.0,,,,261595000.0,103957000.0,157638000.0,74188000.0,,20279000.0,19213000.0,33187000.0,-931000.0,79500000.0,444040000.0,45097000.0,,12044000.0,,,,,,,,,,,,4655000.0,4655000.0,,,,,,,,,,,,,-12648000.0,,,,1233000.0,,,,,small_cap
2022-12-31,25649871.0,31680890.0,57330761.0,,109360000.0,245810000.0,589894000.0,213228000.0,245810000.0,25690000.0,506224000.0,589894000.0,506224000.0,506224000.0,-671000.0,-671000.0,546703000.0,316803000.0,316803000.0,242263000.0,129731000.0,3249000.0,,105424000.0,21754000.0,83670000.0,112532000.0,357000.0,,,3936000.0,3936000.0,,,,97191000.0,30936000.0,66255000.0,11772000.0,9630000.0,53211000.0,748487000.0,422727000.0,18850000.0,23461000.0,23461000.0,,,,,120002000.0,-233897000.0,353899000.0,,22702000.0,258159000.0,1100000.0,0.0,325760000.0,15655000.0,62260000.0,90935000.0,,90935000.0,156910000.0,,156910000.0,,,CTS,16010000.0,,16010000.0,,,,260414000.0,108053000.0,152361000.0,71938000.0,,12865000.0,22819000.0,37362000.0,-1236000.0,92171000.0,402755000.0,46144000.0,,11048000.0,,,,,,,,,,,,5048000.0,5048000.0,,,0.0,,,,,,,,,,-10786000.0,,,,1272000.0,,,,,small_cap
2021-12-31,,,,,,,,,,,,,,,,,,,,,,,,,,,,,,,,,,,,,,,,,,,,,,,,,,,,,,,,,,,,,,,,,,,,,,CTS,,,,,,,,,,,,,,,,,,,,,,,,,,,,,,,,,,,,49382000.0,,,,,,,,,,,,,,,,,,,small_cap
