end_date,Free Cash Flow,Repurchase Of Capital Stock,Repayment Of Debt,Issuance Of Debt,Capital Expenditure,Income Tax Paid Supplemental Data,End Cash Position,Beginning Cash Position,Changes In Cash,Financing Cash Flow,Cash Flow From Continuing Financing Activities,Net Other Financing Charges,Cash Dividends Paid,Common Stock Dividend Paid,Net Common Stock Issuance,Common Stock Payments,Net Issuance Payments Of Debt,Net Short Term Debt Issuance,Short Term Debt Payments,Net Long Term Debt Issuance,Long Term Debt Payments,Long Term Debt Issuance,Investing Cash Flow,Cash Flow From Continuing Investing Activities,Net Other Investing Changes,Net Investment Purchase And Sale,Sale Of Investment,Purchase Of Investment,Net PPE Purchase And Sale,Purchase Of PPE,Operating Cash Flow,Cash Flow From Continuing Operating Activities,Change In Working Capital,Change In Other Current Liabilities,Change In Other Current Assets,Change In Payables And Accrued Expense,Change In Payable,Change In Account Payable,Change In Inventory,Change In Receivables,Changes In Account Receivables,Other Non Cash Items,Stock Based Compensation,Depreciation Amortization Depletion,Depreciation And Amortization,Net Income From Continuing Operations,ticker,Issuance Of Capital Stock,Effect Of Exchange Rate Changes,Common Stock Issuance,Net Business Purchase And Sale,Purchase Of Business,Change In Other Working Capital,Change In Tax Payable,Change In Income Tax Payable,Unrealized Gain Loss On Investment Securities,Asset Impairment Charge,Deferred Tax,Deferred Income Tax,Depreciation,Operating Gains Losses,Gain Loss On Investment Securities,Proceeds From Stock Option Exercised,Sale Of Business,Change In Accrued Expense,Change In Prepaid Assets,Gain Loss On Sale Of Business,Capital Expenditure Reported,Amortization Cash Flow,Amortization Of Intangibles,Interest Paid Supplemental Data,Provisionand Write Offof Assets,Net Intangibles Purchase And Sale,Purchase Of Intangibles,Sale Of PPE,Pension And Employee Benefit Expense,Short Term Debt Issuance,Cash From Discontinued Investing Activities,Cash From Discontinued Operating Activities,Cash From Discontinued Financing Activities,Earnings Losses From Equity Investments,Net Preferred Stock Issuance,Preferred Stock Issuance,Gain Loss On Sale Of PPE,Other Cash Adjustment Outside Changein Cash,Amortization Of Securities,Net Foreign Currency Exchange Gain Loss,Change In Interest Payable,cap_group
2024-12-31,26995000000.0,-23606000000.0,-8953000000.0,,-2940000000.0,18651000000.0,30299000000.0,29943000000.0,356000000.0,-39371000000.0,-39371000000.0,-2956000000.0,-3856000000.0,-3856000000.0,-23606000000.0,-23606000000.0,-8953000000.0,-7944000000.0,-7944000000.0,-1009000000.0,-1009000000.0,,9792000000.0,9792000000.0,-603000000.0,13335000000.0,19459000000.0,-6124000000.0,-2940000000.0,-2940000000.0,29935000000.0,29935000000.0,-10752000000.0,-11998000000.0,939000000.0,-6671000000.0,-6671000000.0,-6671000000.0,215000000.0,6763000000.0,3597000000.0,-2009000000.0,3286000000.0,3080000000.0,3080000000.0,36330000000.0,AAPL,,,,,,,,,,,,,,,,,,,,,,,,,,,,,,,,,,,,,,,,,,large_cap
2024-09-30,,,,0.0,,,,,,,,,,,,,,,,,,0.0,,,,,,,,,,,,,,,,,,,,,,,,,AAPL,,,,,,,,,,,,,,,,,,,,,,,,,,,,,,,,,,,,,,,,,,large_cap
2024-06-30,,,,,,,,,,,,,,,,,,,997000000.0,,,,,,,,,,,,,,,,,,,,,,,,,,,,AAPL,,,,,,,,,,,,,,,,,,,,,,,,,,,,,,,,,,,,,,,,,,large_cap
2024-12-31,6487000000.0,-4986000000.0,0.0,0.0,-15804000000.0,,17482000000.0,20840000000.0,-3064000000.0,-11243000000.0,-11243000000.0,-343000000.0,-6170000000.0,-6170000000.0,-4730000000.0,-4986000000.0,0.0,0.0,0.0,0.0,0.0,0.0,-14112000000.0,-14112000000.0,-16000000.0,3113000000.0,5163000000.0,-2050000000.0,-15804000000.0,-15804000000.0,22291000000.0,22291000000.0,-11551000000.0,3933000000.0,-1442000000.0,958000000.0,958000000.0,958000000.0,711000000.0,-5978000000.0,-5978000000.0,,3089000000.0,5667000000.0,5667000000.0,24108000000.0,MSFT,256000000.0,-294000000.0,256000000.0,-1405000000.0,-1405000000.0,-9733000000.0,-3395000000.0,-3395000000.0,-25000000.0,867000000.0,-1158000000.0,-1158000000.0,5667000000.0,2136000000.0,134000000.0,,,,,,,,,,,,,,,,,,,,,,,,,,,large_cap
2024-09-30,,,,0.0,,,,,,,,,,,,,,,,,,0.0,,,,,,,,,,,,,,,,,,,,,,,,,MSFT,,,,,,,1016000000.0,1016000000.0,-412000000.0,7000000.0,,,,,280000000.0,,,,,,,,,,,,,,,,,,,,,,,,,,,large_cap
2024-06-30,,,,5447000000.0,,,,,,,,,,,,,,,,,,197000000.0,,,,,,,,,,,,,,,,,,,,,,,,,MSFT,,,,,,,-806000000.0,-806000000.0,,,,,,,,,,,,,,,,,,,,,,,,,,,,,,,,,,large_cap
2024-10-31,,,0.0,,,3540000000.0,,,,,,,,,,,0.0,,,0.0,0.0,,,,,,,,,,,,,,,,,,,,,,,,,,NVDA,,,,,,,,,,,,,,,,,66000000.0,,,-38000000.0,,,,,,,,,,,,,,,,,,,,,,large_cap
2024-11-30,,,,,,,,,,,,,,,,,,,,,,,,,,,,,,,,,,,,,,,,,,168000000.0,,,,,ORCL,,,,,,,,,,,,,,,,,,,,,,,,,,,,,,,,,,,,,,,,,,large_cap
2024-08-31,,,,,,,,,,,,,,,,,,,-396000000.0,,,,,,,,,,,,,,,,,,,,,,,130000000.0,,,,,ORCL,,,,,,,,,,,,,,,,,,,,,,,,,,,,,,,,,,,,,,,,,,large_cap
2024-10-31,,,,,,,,,,,,,,,,,,,,,,,,,,,,,,,,,,,,,,,,,,-1000000.0,,,,,CSCO,,,,,,,,,,,,,,,,,,,,,,,,,-1000000.0,,,,,,,,,,,,,,,,,large_cap
2024-07-31,,,,,,,,,,,,,,,,,,,,,,,,,,,,,,,,,,,,,,,,,,,,,,,CSCO,367000000.0,,367000000.0,,,,,,,,,,,,,,,,,,,,,,15000000.0,,,,,,,,,,,,,,,,,large_cap
2024-12-31,3886000000.0,-112000000.0,-124000000.0,0.0,-444000000.0,,14160000000.0,13214000000.0,1276000000.0,-1676000000.0,-1674000000.0,-660000000.0,-1546000000.0,-1546000000.0,633000000.0,-112000000.0,-103000000.0,21000000.0,,-124000000.0,-124000000.0,0.0,-1379000000.0,-1379000000.0,,-408000000.0,853000000.0,-1261000000.0,-282000000.0,-303000000.0,4330000000.0,4330000000.0,1920000000.0,,,,,,,,,,345000000.0,1113000000.0,1113000000.0,2914000000.0,IBM,,-330000000.0,,-548000000.0,-541000000.0,,,,,,,,524000000.0,368000000.0,,,-7000000.0,,,-20000000.0,,589000000.0,589000000.0,,,-141000000.0,-141000000.0,21000000.0,388000000.0,,,,,,,,,,,,,large_cap
2024-09-30,,,,,,,,,,,,,,,,,,,,,,,,,,,,,,,,,,,,,,,,,,,,,,,IBM,,,,,,,,,,,,,,,,,2000000.0,,,,,,,,,,,,,,,,,,,,,,,,,large_cap
2024-06-30,,,,,,,,,,,,,,,,,,,,,,,,,,,,,,,,,,,,,,,,,,,,,,,IBM,125000000.0,,125000000.0,,,,,,,,,,,,,,0.0,,,,,,,,,,,,,,,,,,,,,,,,,large_cap
2024-12-31,1091000000.0,-298000000.0,0.0,,-208000000.0,375000000.0,3811000000.0,3897000000.0,-86000000.0,-171000000.0,-171000000.0,0.0,,,-298000000.0,-298000000.0,0.0,,,0.0,0.0,,-1214000000.0,-1214000000.0,31000000.0,-1037000000.0,90000000.0,-1127000000.0,-208000000.0,-208000000.0,1299000000.0,1299000000.0,-70000000.0,,,-328000000.0,-585000000.0,-585000000.0,-362000000.0,-3000000.0,-3000000.0,62000000.0,339000000.0,786000000.0,786000000.0,482000000.0,AMD,,,,0.0,0.0,30000000.0,,,,,-300000000.0,-300000000.0,-1607000000.0,,,127000000.0,,257000000.0,593000000.0,,,,,,,,,,,,,,,,,,,,,,,large_cap
2024-09-30,,,0.0,,,700000000.0,,,,,,0.0,,,,,,,,,0.0,,,,-17000000.0,,,,,,,,,,,,,,,,,,,,,,AMD,,,,-565000000.0,-565000000.0,36000000.0,,,,,,,,,,,,,,,,,,,,,,,,,,,,,,,,,,,,large_cap
2024-06-30,,,,0.0,,224000000.0,,,,,,0.0,,,,,,,,,,0.0,,,1000000.0,,,,,,,,,,,,,,,,,,,,,,AMD,,,,,,-11000000.0,,,,,,,,,,,,,,,,603000000.0,603000000.0,,,,,,,,,,,,,,,,,,,large_cap
2024-10-31,,,,,,,,,,,,,,-382000000.0,,,,,,,,,,,,,,,,,,,,,,,32000000.0,,,,,,,,,,CRM,,,,,,,,,,,,,,,,,,,,,,,,,,,,,,,,,,,,,,,,,,large_cap
2024-12-31,-2669000000.0,,0.0,0.0,-5834000000.0,322000000.0,8249000000.0,8785000000.0,-536000000.0,63000000.0,63000000.0,62000000.0,0.0,0.0,,,0.0,0.0,0.0,0.0,0.0,0.0,-3764000000.0,-3764000000.0,331000000.0,1821000000.0,8242000000.0,-6421000000.0,-5834000000.0,-5834000000.0,3165000000.0,3165000000.0,750000000.0,,,-1534000000.0,68000000.0,68000000.0,-136000000.0,-357000000.0,-357000000.0,-135000000.0,651000000.0,2647000000.0,2647000000.0,-153000000.0,INTC,,,,,,2777000000.0,,,,-38000000.0,,,2300000000.0,-6689000000.0,-6689000000.0,1000000.0,,-1602000000.0,,,,347000000.0,347000000.0,-112000000.0,,,,,,0.0,,,,,,,,,,,,large_cap
2024-09-30,,,,,,,,,,,,,,,,,,,-4740000000.0,,,,,,,,,,,,,,,,,,,,,,,3408000000.0,,,,,INTC,,,,,,,,,,2164000000.0,,,,,,,,,,,,,,,,,,,,,,,,,,,,,,,,large_cap
2024-06-30,,,,,,,,,,,,,,,,,,,-2609000000.0,,,,,,,,,,,,,,,,,,,,,,,943000000.0,,,,,INTC,,,,0.0,,,,,,,-993000000.0,-993000000.0,,,,,0.0,,,,,,,,,,,,,,,,,,,,,,,,,large_cap
2024-12-31,4310000000.0,-1750000000.0,-500000000.0,500000000.0,-277000000.0,,8713000000.0,7849000000.0,908000000.0,-3008000000.0,-3008000000.0,-316000000.0,-942000000.0,-942000000.0,-1750000000.0,-1750000000.0,0.0,0.0,-500000000.0,,,,-671000000.0,-671000000.0,28000000.0,-162000000.0,752000000.0,-914000000.0,,,4587000000.0,4587000000.0,33000000.0,,148000000.0,-530000000.0,11000000.0,11000000.0,111000000.0,392000000.0,392000000.0,-23000000.0,759000000.0,436000000.0,436000000.0,3180000000.0,QCOM,,-44000000.0,,-260000000.0,-260000000.0,-88000000.0,,,,,247000000.0,247000000.0,,-45000000.0,-45000000.0,,,-541000000.0,,,-277000000.0,,,,,,,,,500000000.0,,0.0,,,,,,,,,,large_cap
2024-09-30,,,,,,,,,,,,,,,,,,,,0.0,0.0,0.0,,,,,,,0.0,,,,,,,,,,,,,,,,,,QCOM,187000000.0,,187000000.0,,,,,,,20000000.0,,,,,,,,,,,,,,,,,,0.0,,,4000000.0,0.0,0.0,,,,,,,,,large_cap
2024-06-30,,,,,,,,,,,,,,,,,,,,-914000000.0,-914000000.0,0.0,,,,,,,2000000.0,,,,,,,,,,,,,,,,,,QCOM,1000000.0,,1000000.0,,,,,,,4000000.0,,,,,,,,,,,,,,,,,,2000000.0,,,,,,,,,,,,,,large_cap
2024-12-31,194709000.0,-125010000.0,,,-8073000.0,,1152898000.0,1078340000.0,78126000.0,-114683000.0,-114683000.0,-13368000.0,,,-125010000.0,-125010000.0,,,,,,,-9973000.0,-9973000.0,,-1900000.0,0.0,-1900000.0,-8073000.0,-8073000.0,202782000.0,202782000.0,-41859000.0,-10051000.0,-91613000.0,6554000.0,,,3139000.0,-98188000.0,-98188000.0,9566000.0,57908000.0,22666000.0,22666000.0,166445000.0,FFIV,,-3568000.0,,,,148300000.0,,,,,-11944000.0,-11944000.0,,,,23695000.0,,,,,,,,,,,,,,,,,,,,,,,,,,mid_cap
2024-09-30,,,0.0,,,,,,,,,,,,,,0.0,,,0.0,0.0,,,,,,,,,,,,,,,,62721000.0,62721000.0,,,,,,,,,FFIV,,,,0.0,0.0,,,,,0.0,,,,,,,,,,,,,,0.0,,,,,,,,,,,,,,,,,,mid_cap
2024-06-30,,,0.0,,,,,,,,,,,,,,0.0,,,0.0,0.0,,,,,,,,,,,,,,,,-1423000.0,-1423000.0,,,,,,,,,FFIV,,,,0.0,0.0,,,,,,,,,,,,,,,,,,,0.0,,,,,,,,,,,,,,,,,,mid_cap
2024-10-31,,,,,,,,,,,,0.0,,,,,,,,,,,,,,,,,,,,,,,,,,,,,,,,,,,CIEN,,,,21682000.0,21682000.0,,,,,,,,,,,,,,,,,,,,,,,,,,,,,0.0,,,,,,,,mid_cap
2024-07-31,,,,,,,,,,,,,,,,,,,,,,,,,,,,,,,,,,,,,,,,,,,,,,,CIEN,,,,-5426000.0,-5426000.0,,,,,,,,,,,,,,,,,,,,,,,,,,,,,0.0,,,,,,,,mid_cap
2024-12-31,301000000.0,-201000000.0,-1000000.0,0.0,-112000000.0,,2333000000.0,2601000000.0,-225000000.0,-203000000.0,-203000000.0,-1000000.0,,,-201000000.0,-201000000.0,-1000000.0,,,-1000000.0,-1000000.0,0.0,-435000000.0,-435000000.0,18000000.0,,,,-107000000.0,-112000000.0,413000000.0,413000000.0,6000000.0,,,,,,,,,,,144000000.0,144000000.0,263000000.0,FLEX,,-43000000.0,,-346000000.0,-346000000.0,,,,,,,,144000000.0,,,,,,,,,,,,,,,5000000.0,,,,,,,,,,,,,,mid_cap
2024-09-30,,,,,,,,,,,,,,,,,,,,483000000.0,-16000000.0,499000000.0,,,,,,,,,,,,,,,,,,,,,,,,,FLEX,,,,,,,,,,,,,,,,,,,,,,,,,,,,,,,,,,,,,,,,,,mid_cap
2024-06-30,,,,,,,,,,,,,,,,,,,,,,,,,,,,,,,,,,,,,,,,,,,,,,,FLEX,,,,,,,,,,,,,,,,,2000000.0,,,,,,,,,,,,,,,,,,,,,,,,,mid_cap
2024-12-31,225172000.0,-143521000.0,0.0,0.0,-57385000.0,,553354000.0,510036000.0,51888000.0,-163210000.0,-163210000.0,,-19487000.0,-19487000.0,-143521000.0,-143521000.0,0.0,,,0.0,0.0,0.0,-67459000.0,-67459000.0,0.0,-5074000.0,5625000.0,-10699000.0,-57385000.0,-57385000.0,282557000.0,282557000.0,101331000.0,,,9280000.0,9280000.0,9280000.0,-2420000.0,12607000.0,12607000.0,1106000.0,14855000.0,31128000.0,31128000.0,146253000.0,TER,,-8570000.0,,-5000000.0,-5000000.0,23848000.0,,,,,-20099000.0,-20099000.0,26497000.0,4577000.0,-83000.0,-202000.0,0.0,,58016000.0,367000.0,,4631000.0,4631000.0,,3406000.0,,,,-1843000.0,,,,,6136000.0,,,,,,,,mid_cap
2024-09-30,,,0.0,0.0,,,,,,,,,,,,,0.0,,,0.0,0.0,0.0,,,0.0,,,,,,,,,,,,,,,,,,,,,,TER,,,,,,,,,,,,,,,,,3176000.0,,,0.0,,,,,,,,,-2262000.0,,,,,,,,,,,,,mid_cap
2024-06-30,,,-185000000.0,,,,,,,,,,,,,,0.0,,,0.0,-185000000.0,,,,0.0,,,,,,,,,,,,,,,,,,,,,,TER,,,,,,,,,,,,,,,,,,,,,,,,,,,,,,,,,,,,,,,,,,mid_cap
2024-12-31,153300000.0,0.0,-231700000.0,178100000.0,-36700000.0,,186700000.0,151700000.0,54400000.0,-75000000.0,-75000000.0,-17000000.0,-7600000.0,-7600000.0,0.0,0.0,-53600000.0,,,-53600000.0,-231700000.0,178100000.0,-60600000.0,-60600000.0,,-1200000.0,1100000.0,-2300000.0,-36500000.0,-36700000.0,190000000.0,190000000.0,91000000.0,,,-3600000.0,-3600000.0,-5700000.0,35300000.0,-51300000.0,-51300000.0,41900000.0,6800000.0,52900000.0,52900000.0,13900000.0,BRKR,0.0,-19400000.0,0.0,-22900000.0,-22900000.0,110600000.0,2100000.0,2100000.0,,1000000.0,-19600000.0,-19600000.0,,2100000.0,,3200000.0,,,,,,,,,,,,200000.0,,,,,,,,,2100000.0,,,,,mid_cap
2024-09-30,,,,,,,,,,,,,,,,,,,,,,,,,,-34800000.0,1200000.0,-36000000.0,,,,,,,,31500000.0,31500000.0,20900000.0,-11100000.0,-18800000.0,-18800000.0,,6300000.0,,,,BRKR,,,,,,-78900000.0,5000000.0,5000000.0,,5900000.0,,,,1700000.0,,-2900000.0,,,,,,,,,,,,0.0,,,,,,,,,1700000.0,,,,,mid_cap
2024-06-30,,,,,,,,,,,,,,,,,,-35200000.0,-839600000.0,,,,,,1700000.0,1300000.0,1300000.0,0.0,,,,,,,,-1200000.0,-1200000.0,9300000.0,-29200000.0,13900000.0,13900000.0,,6900000.0,,,,BRKR,,,,,,-41900000.0,-10500000.0,-10500000.0,,20200000.0,,,,,,,,,,,,,,,,,,400000.0,,804400000.0,,,,,,,800000.0,,,,,mid_cap
2024-12-31,46853000.0,-16113000.0,-261075000.0,256700000.0,-17085000.0,18765000.0,642402000.0,625860000.0,17886000.0,-28831000.0,-28831000.0,-8343000.0,,,-16113000.0,-16113000.0,-4375000.0,0.0,-256700000.0,-4375000.0,-261075000.0,256700000.0,-17221000.0,-17221000.0,-136000.0,0.0,0.0,,-17085000.0,-17085000.0,63938000.0,63938000.0,-59945000.0,,,-91607000.0,-54656000.0,-54656000.0,15747000.0,-21169000.0,-18613000.0,526000.0,15292000.0,31845000.0,31845000.0,70884000.0,SANM,0.0,-1344000.0,0.0,0.0,0.0,24089000.0,,,,,5336000.0,5336000.0,31845000.0,,,,,-36951000.0,12995000.0,,,,,4496000.0,,,,,,256700000.0,,,,,,,,,,,,mid_cap
2024-09-30,,,,,,,,,,,,,,,,,,,,,,-1932400000.0,,,,,,,,,,,,,,,,,,,,,,,,,SANM,5202000.0,,5202000.0,,,,,,,,,,,,,,,,,,,,,,,,,,,,,,,,,,,,,,,mid_cap
2024-06-30,,,,,,,,,,,,,,,,,,,,,,,,,-600000.0,,,-600000.0,,,,,,,,,,,,,,,,,,,SANM,,,,,,,,,,,,,29764000.0,,,,,,,,,,,,,,,,,,,,,,,,,,,,,mid_cap
2024-10-31,28162000.0,,-5000000.0,0.0,-1413000.0,56754000.0,136504000.0,115928000.0,20655000.0,-7507000.0,-7507000.0,-3112000.0,,,,,-5000000.0,-5000000.0,,-5000000.0,-5000000.0,0.0,-1413000.0,-1413000.0,0.0,0.0,0.0,0.0,-483000.0,-483000.0,29575000.0,29575000.0,4120000.0,-1590000.0,-3108000.0,5674000.0,-12173000.0,-12173000.0,-7415000.0,10559000.0,10559000.0,3108000.0,18405000.0,11493000.0,11493000.0,-7586000.0,SMTC,,-79000.0,,,,,,,,0.0,-10000.0,-10000.0,11493000.0,45000.0,0.0,605000.0,,17847000.0,,33000.0,,,,-35471000.0,,-930000.0,-930000.0,0.0,,0.0,,,,12000.0,,,,,,,,mid_cap
2024-07-31,,,,0.0,,,,,,,,,,,,,,0.0,,,,0.0,,,,,,-434000.0,,,,,,,,,,,,,,,,,,,SMTC,,,,,,,,,,,,,,,,,,,,,,,,,,,,,,0.0,,,,,,,,,,,,mid_cap
2024-12-31,288000000.0,-31000000.0,0.0,0.0,-18000000.0,34000000.0,901000000.0,676000000.0,228000000.0,-63000000.0,-63000000.0,-32000000.0,,,-31000000.0,-31000000.0,0.0,,,0.0,0.0,0.0,-15000000.0,-15000000.0,,3000000.0,3000000.0,0.0,-18000000.0,-18000000.0,306000000.0,306000000.0,110000000.0,0.0,4000000.0,160000000.0,97000000.0,97000000.0,-56000000.0,-61000000.0,-61000000.0,2000000.0,21000000.0,42000000.0,42000000.0,163000000.0,ZBRA,,-3000000.0,,,,63000000.0,,,,,-32000000.0,-32000000.0,,0.0,0.0,,,63000000.0,,,,,,52000000.0,,,,,,,,,,,,,,0.0,,,,mid_cap
2024-09-30,,,,,,,,,,,,,,,,,,,,,,,,,,,,0.0,,,,,,,,,,,,,,,,,,,ZBRA,,,,,,,,,,,,,,0.0,0.0,,,,,,,,,,,,,,,,,,,,,,,0.0,,,,mid_cap
2024-06-30,,,,,,,,,,,,,,,,,,,,,,,,,,,,-3000000.0,,,,,,,,,,,,,,,,,,,ZBRA,,,,0.0,0.0,,,,,,,,,-11000000.0,-11000000.0,-24000000.0,,,,,,,,,,,,,,,,,,,,,,0.0,,,,mid_cap
2024-12-31,837000000.0,-154000000.0,-312000000.0,0.0,-83000000.0,,2231000000.0,2013000000.0,239000000.0,-602000000.0,-602000000.0,,-150000000.0,-150000000.0,-154000000.0,-154000000.0,-312000000.0,,,288000000.0,-312000000.0,,-79000000.0,-79000000.0,,4000000.0,5000000.0,-1000000.0,-83000000.0,-83000000.0,920000000.0,920000000.0,334000000.0,-15000000.0,126000000.0,6000000.0,6000000.0,6000000.0,,117000000.0,117000000.0,9000000.0,41000000.0,143000000.0,143000000.0,546000000.0,CTSH,,-21000000.0,,0.0,0.0,100000000.0,,,,,-153000000.0,-153000000.0,,,,14000000.0,,,,,,,,,,,,,,,,,,,,,,,,,,mid_cap
2024-09-30,,,,,,,,,,,,,,,,,,,,,,,,,,,,0.0,,,,,,,,,,,,,,,,,,,CTSH,,,,,,,,,,,,,,,,,,,,,,,,,,,,,,,,,,,,,,,,,,mid_cap
2024-06-30,,,,,,,,,,,,,,,,,,,,,,,,,,,,-1000000.0,,,,,,,,,,,,,,,,,,,CTSH,,,,,,,,,,,,,,,,,,,,,,,,,,,,0.0,,,,,,,,,,,,,,mid_cap
2024-12-31,164481000.0,0.0,-2373000.0,,-27553000.0,30272000.0,551547000.0,410780000.0,140767000.0,-21368000.0,-21368000.0,-7642000.0,-11374000.0,-11374000.0,0.0,0.0,-2373000.0,,,-2373000.0,-2373000.0,,-29899000.0,-29899000.0,,-2346000.0,94684000.0,-97030000.0,-3921000.0,-3921000.0,192034000.0,192034000.0,63076000.0,,,-7114000.0,4375000.0,4375000.0,,24118000.0,,-21829000.0,17844000.0,17748000.0,17748000.0,133108000.0,IDCC,,,,,,46072000.0,,,,,-17237000.0,-17237000.0,,,,21000.0,,-11489000.0,,,-19382000.0,,,8050000.0,,,,,,,,,,,,,,,,,,small_cap
2024-09-30,,,,,,,,,,,,,,,,,,,,,,,,,,,,,,,,,,,,,,,,,,,,,,,IDCC,,,,,,,,,,,,,,,,,,,,,,,,0.0,,,,,,,,,,,,,,,,,,small_cap
2024-06-30,,,,,,,,,,,,,,,,,,,,,,,,,,,,,,,,,,,,,,,,,,,,,,,IDCC,,,,,,,,,,,,,,-1397000.0,-1397000.0,,,,,,,,,,,,,,,,,,,,,,,,,,,small_cap
2024-12-31,28250000.0,,-272000.0,,-7663000.0,2470000.0,197206000.0,190489000.0,10229000.0,-18356000.0,-18356000.0,-1993000.0,,,37211000.0,,-272000.0,,,-272000.0,-272000.0,,-7328000.0,-7328000.0,0.0,335000.0,29699000.0,-29364000.0,-7663000.0,-7663000.0,35913000.0,35913000.0,1681000.0,-1472000.0,-10000.0,-3148000.0,545000.0,545000.0,-686000.0,11379000.0,11379000.0,2606000.0,10213000.0,8786000.0,8786000.0,9705000.0,FORM,0.0,-3512000.0,0.0,0.0,,-5184000.0,,,,1674000.0,689000.0,689000.0,8124000.0,1509000.0,,,0.0,-3693000.0,802000.0,0.0,,662000.0,662000.0,93000.0,2290000.0,,,,,,,,,,,,,,,,,small_cap
2024-09-30,,-16940000.0,,,,,,,,,,,,,,-16940000.0,,,,,,,,,,,,,,,,,,,,,,,,,,,,,,,FORM,,,,,,,,,,,,,,0.0,,,,,,,,640000.0,640000.0,,,,,,,,,,,,,,,,,,,small_cap
2024-06-30,,-2937000.0,,,,,,,,,,,,,,-2937000.0,,,,,,,,,,,,,,,,,,,,,,,,,,,,,,,FORM,,,,,0.0,,,,,,,,,-310000.0,,-2937000.0,,,,,,640000.0,640000.0,,,,,,,,,,,,,,,,,,,small_cap
2024-12-31,69945000.0,0.0,0.0,0.0,-12743000.0,4272000.0,722086000.0,657288000.0,66992000.0,-2660000.0,-2660000.0,0.0,-3840000.0,-3840000.0,0.0,0.0,0.0,,,0.0,0.0,0.0,-13036000.0,-13036000.0,,-293000.0,,-293000.0,-12743000.0,-12743000.0,82688000.0,82674000.0,25295000.0,16422000.0,-2710000.0,8220000.0,8220000.0,8220000.0,13288000.0,-8982000.0,,1900000.0,11637000.0,16631000.0,16631000.0,49062000.0,AEIS,,-2194000.0,,0.0,0.0,,,,,,-20810000.0,-20810000.0,11104000.0,,,1180000.0,,,,,,5527000.0,5527000.0,-709000.0,,,,,,,,14000.0,,,,,,,,,,small_cap
2024-09-30,,,,,,,,,,,,,,,,,,,,,,,,,,,,,,,,,,,,,,,,,,,,,,,AEIS,,,,38000.0,38000.0,,,,,,347000.0,347000.0,,1057000.0,,,,,,,,,,,,,,,,,,,,,,,,,,,,small_cap
2024-06-30,,,,,,,,,,,,,,,,,,,,,,,,,,,,,,,,,,,,,,,,,-15000000.0,,,,,,AEIS,,,,,,-700000.0,,,-126000.0,,-33000.0,-33000.0,,-9000.0,,,,,,,,,,,,,,,,,,,,,,,,,,,,small_cap
2024-12-31,30024000.0,0.0,-866000.0,2311000.0,-56030000.0,3570000.0,503932000.0,469500000.0,34689000.0,1396000.0,1396000.0,-49000.0,,,0.0,0.0,1445000.0,,,1445000.0,-866000.0,2311000.0,-52761000.0,-52761000.0,0.0,,,,-52761000.0,-56030000.0,86054000.0,86054000.0,8537000.0,7400000.0,,10554000.0,15021000.0,15021000.0,2928000.0,-44440000.0,-25726000.0,-3568000.0,8083000.0,35774000.0,35774000.0,5170000.0,TTMI,,-257000.0,,0.0,,32547000.0,,,,32600000.0,-542000.0,-542000.0,26524000.0,,,,0.0,-4467000.0,-452000.0,0.0,,9250000.0,9250000.0,6342000.0,,,,3269000.0,,,,,,,,,,,,,,small_cap
2024-09-30,,,,6105000.0,,,,,,,,,,,,,,,,,,6105000.0,,,,,,,,,,,,,,,,,,,,,,,,,TTMI,,,,0.0,,,,,,,,,,,,,0.0,,,0.0,,,,,,,,,,,,,,,,,,,,,,small_cap
2024-06-30,,,,,,,,,,,,,,,,,,,,,,,,,,,,,,,,,,,,,,,,,,,,,,,TTMI,,,,0.0,,,,,,,,,,,,,0.0,,,0.0,,,,,,,,,,,,,,,,,,,,,,small_cap
2024-10-31,25072000.0,,-2121000.0,,-43298000.0,,598485000.0,537331000.0,52661000.0,-1302000.0,-1302000.0,,,,,,-2121000.0,,,-2121000.0,-2121000.0,,-14407000.0,-14407000.0,751000.0,28140000.0,28140000.0,0.0,-43209000.0,-43209000.0,68370000.0,68370000.0,4293000.0,,3406000.0,-1387000.0,,,-366000.0,2640000.0,2640000.0,,4049000.0,21192000.0,21192000.0,40225000.0,PLAB,,8581000.0,,,,,,,,,,,,,,1893000.0,,,,,,,,,,,,,,,,,,,,,,-88000.0,,,,small_cap
2024-07-31,,0.0,,,,,,,,,,19000.0,,,0.0,0.0,,,,,,,,,,,,,,,,,,,,,6028000.0,6028000.0,,,,,,,,,PLAB,,,,,,,,,,,,,,,,,,,,,,,,,,,,,,,,,,,,,,,,,,small_cap
2024-12-31,-4757000.0,2536000.0,-976000.0,,-3040000.0,5143000.0,206407000.0,189262000.0,17383000.0,859000.0,859000.0,,,,2536000.0,2536000.0,-976000.0,,,-976000.0,-976000.0,,18241000.0,18241000.0,,21265000.0,37422000.0,-16157000.0,-3024000.0,-3040000.0,-1717000.0,-1717000.0,506000.0,-1336000.0,-1668000.0,8882000.0,8882000.0,7276000.0,-1701000.0,2395000.0,2395000.0,5561000.0,5281000.0,12949000.0,12949000.0,-21358000.0,COHU,,-238000.0,,0.0,0.0,-6066000.0,1606000.0,1606000.0,,0.0,-2901000.0,-2901000.0,,-1317000.0,,,,,,,,,,29000.0,,,,16000.0,-1498000.0,,,,,,,,181000.0,,-438000.0,,,small_cap
2024-09-30,,,,,,6518000.0,,,,,,,,,,,,,,,,,,,,,,,,,,,,,,,,,,,,,,,,,COHU,,,,,,,,,,,,,,,,,,,,,,,,,,,,,,,,,,,,,,,,,,small_cap
2024-06-30,,,,0.0,,,,,,,,,,,,,,,,,,0.0,,,,,,,,,,,,,,,,,,,,,,,,,COHU,,,,,,,,,,,,,,,,,,,,,,,,,,,,,,,,,,,,,,,,,,small_cap
2024-12-31,29142000.0,,-28300000.0,0.0,-577000.0,56000.0,25935000.0,27510000.0,-1398000.0,-30540000.0,-30540000.0,-4540000.0,,,,,-28300000.0,,,-28300000.0,-28300000.0,0.0,-577000.0,-577000.0,,,,,-577000.0,-577000.0,29719000.0,29719000.0,7007000.0,,,,,,,,,2000.0,3560000.0,8567000.0,8567000.0,10083000.0,DGII,,-177000.0,,0.0,,,,,,,500000.0,500000.0,2735000.0,,,2300000.0,0.0,,,,,5832000.0,5832000.0,2369000.0,,,,0.0,,,,,,,,,,,,,,small_cap
2024-09-30,,,,0.0,,,,,,,,,,,,,,,,,,0.0,,,,,,,,,,,,,,,,,,,,,,,,,DGII,,,,,,,,,,,,,,,,,,,,,,,,,,,,,,,,,,,,,,,,,,small_cap
2024-06-30,,,,,,,,,,,,,,,,,,,,,,,,,,,,,,,,,,,,,,,,,,,,,,,DGII,,,,,,,,,,,,,,,,,,,,,,,,,,,,1000.0,,,,,,,,,,,,,,small_cap
2024-12-31,2142000.0,0.0,-15000000.0,242500000.0,-6202000.0,7396000.0,68253000.0,134266000.0,-63840000.0,225128000.0,225128000.0,-1406000.0,-966000.0,-966000.0,0.0,0.0,227500000.0,,,227500000.0,-15000000.0,242500000.0,-297312000.0,-297312000.0,133000.0,28591000.0,28591000.0,0.0,-5555000.0,-6202000.0,8344000.0,8344000.0,-5865000.0,,,3209000.0,-2377000.0,3441000.0,2855000.0,-14865000.0,-15183000.0,1841000.0,958000.0,5698000.0,5698000.0,6432000.0,BELFB,,-2173000.0,,-320481000.0,-320481000.0,,-5818000.0,-5818000.0,,,-901000.0,-901000.0,,181000.0,,,0.0,5586000.0,,0.0,,,,2785000.0,,,,647000.0,,,,,,,,,0.0,,,181000.0,,small_cap
2024-09-30,,,,,,,,,,,,,,,,,,,,,,,,,-285000.0,,,,,,,,,,,,,,,,,,,,,,BELFB,,,,0.0,0.0,756000.0,,,,,,,,,,,0.0,,,0.0,,,,,,,,,,,,,,,,,0.0,,,,,small_cap
2024-06-30,,,,,,,,,,,,,,,,,,,,,,,,,,,,,,,,,,,,,,,,,,,,,,,BELFB,,,,0.0,0.0,-3480000.0,,,,,,,,,,,,,,,,,,,,,,,,,,,,,,,,,,,,small_cap
2024-10-31,-24221000.0,,0.0,25000000.0,-2415000.0,37000.0,29644000.0,32433000.0,-2789000.0,21432000.0,21432000.0,-3567000.0,-39000.0,-39000.0,,,25000000.0,,,25000000.0,0.0,25000000.0,-2415000.0,-2415000.0,,,,,-2415000.0,-2415000.0,-21806000.0,-21806000.0,-2920000.0,105000.0,-1096000.0,-1226000.0,4182000.0,1710000.0,-1214000.0,-2712000.0,-2712000.0,4976000.0,155000.0,9488000.0,9488000.0,-148407000.0,CMTL,,,,,,4218000.0,2472000.0,2472000.0,,79555000.0,-166000.0,-166000.0,2895000.0,5524000.0,5524000.0,38000.0,,-5408000.0,-995000.0,,,6593000.0,6593000.0,6728000.0,29989000.0,,,,,,,,,,,,0.0,0.0,,,-521000.0,small_cap
2024-07-31,,,,,,1083000.0,,,,,,,,,,,,,,,,,,,,,,,,,,,,,,,,,,,,,,,,,CMTL,0.0,,,0.0,,,,,,,,,,,,,0.0,,,3212000.0,,,,,,,,,,,,,,,0.0,0.0,872000.0,,,,,small_cap
2024-12-31,19853000.0,-7809000.0,-291247000.0,279800000.0,-6101000.0,4456000.0,94334000.0,94875000.0,-588000.0,-20441000.0,-20441000.0,23000.0,-1208000.0,-1208000.0,-7809000.0,-7809000.0,-11447000.0,,,-11447000.0,-291247000.0,279800000.0,-6101000.0,-6101000.0,,,,,,,25954000.0,25954000.0,2409000.0,-768000.0,569000.0,-4835000.0,-1625000.0,-1625000.0,547000.0,6999000.0,6999000.0,1061000.0,1658000.0,8278000.0,8278000.0,13606000.0,CTS,,47000.0,,0.0,0.0,-103000.0,,,,,-1009000.0,-1009000.0,4301000.0,-49000.0,-96000.0,,,-3210000.0,,,-6101000.0,3977000.0,3977000.0,1454000.0,,,,,47000.0,,,,,,,,,,,,,small_cap
2024-09-30,,,,,,,,,,,,,,,,,,,,,,,,,,,,,,,,,,,,,,,,,,,,,,,CTS,,,,-121912000.0,-121912000.0,,,,,0.0,,,,,,,,,,,,,,,,,,,,,,,,,,,,,,,,small_cap
2024-06-30,,,,,,,,,,,,,,,,,,,,,,,,,,,,,,,,,,,,,,,,,,,,,,,CTS,,,,0.0,0.0,,,,,,,,,,,,,,,,,,,,,,,,,,,,,,,,,,,,,small_cap
